,0
0,컴포즈커피
1,흑당라떼
2,부산소통
3,부산선팔
4,맞팔
5,맞팔해요
6,부산맞팔
7,부산맞팔댓글
8,맞팔하면선팔
9,맞팔하면선팔가요
10,선팔하면맞팔
11,해운대
12,센텀시티
13,부산직장인
14,장마철
15,부산인스타
16,부산맞팔해요
17,직장인스타그램
18,컴포즈커피
19,슈크림와플
20,크림
21,와플
22,슈크림
23,생크림
24,카라멜시럽
25,먹스타그램
26,맛스타그램
27,빵스타그램
28,빵순이
29,컴포즈커피
30,팥절미쉐이크
31,팥빙수
32,쉐이크
33,밀크쉐이크
34,팥
35,인절미
36,떡
37,jmt
38,먹스타그램
39,맛스타그램
40,음료스타그램
41,컴포즈커피
42,흑임자카페라떼
43,흑임자
44,쑥
45,할매입맛
46,흑임자크림
47,카페라떼
48,고소
49,달달
50,흑임자맛
51,커피맛
52,먹스타그램
53,맛스타그램
54,커피스타그램
55,음료스타그램
56,디저트
57,후식
58,간식
59,카페
60,커피
61,컴포즈커피
62,그린티
63,그린티프라페
64,그린티프라푸치노
65,녹차
66,녹차프라페
67,녹차프라푸치노
68,녹차라떼
69,그린티라떼
70,주인아줌니는어디에
71,컴포즈커피
72,마곡로웰타워점
73,흑당밀크라떼원샷
74,먹스타그램
75,후식스타그램
76,먹방샷
77,먹방
78,일상
79,선팔
80,맞팔
81,언팔절대금지
82,셀카
83,인친
84,인스타
85,소통
86,S미노의맛집탐방
87,부산
88,서면
89,부전동
90,컴포즈커피
91,컴포즈커피파크에비뉴점
92,아
93,컴포즈커피
94,혼커피
95,조용허니좋다
96,저녁머하지고민중
97,저녁에술마실까고민중
98,안주머할까고민중
99,추석지나고운동할까고민중
100,허리가아픈가안아픈가확인중
101,잡생각중
102,빵같이먹을까고민중
103,살찌니까커피만먹어야지
104,잡생각그만
105,컴포즈커피
106,병점카페
107,컴포즈커피
108,헤이즐넛시럽
109,컴포즈커피
110,행복한날
111,아침식사
112,머드스콘
113,오트밀바스콘
114,그릭요거트
115,컴포즈커피
116,아이스라떼
117,에이비라이프
118,실리콘빨대
119,빵
120,빵스타그램
121,빵순이
122,커피
123,컴포즈커피
124,컴포즈
125,컴포즈커피
126,커피
127,카페
128,카페알바
129,알바
130,Coffee
131,Cafe
132,Latte
133,라떼
134,아메리카노
135,카페라떼
136,바닐라라떼
137,헤이즐넛라떼
138,원두
139,커피향솔솔
140,더치커피
141,알바생
142,추천메뉴
143,오레오쉐이크
144,1순위
145,최고
146,아메리카노1
147,대박이벤트
148,컴포즈1
149,친구에게사랑받고
150,직장동료에게사랑받고
151,하루종일커피걱정없어요
152,컴포즈커피
153,사천카이점
154,청주
155,오창
156,오늘두번째
157,컴포즈커피
158,아깐
159,아아
160,지금은
161,메론스무디
162,올때메로나맛
163,매력적
164,생크림
165,그냥넣어서
166,먹을껄
167,더이상
168,무리는
169,무슨
170,먹스타그램
171,맛스타그램
172,30
173,민초
174,민트초코라떼
175,컴포즈커피
176,아름다운산책길
177,전철옆산책길
178,안산
179,한대역
180,꽃무릇
181,상사화
182,서로볼수없어요
183,지금처럼
184,아이스아메리카노
185,딱이야
186,컴포즈커피
187,안산한대점
188,붉은색
189,아름다운꽃길
190,오후에산책길
191,햇살좋은날
192,걷기좋은날
193,우리동네
194,모기조심
195,컴포즈커피
196,오늘아님주의
197,그린티프라페
198,펄추가
199,먹팔
200,먹팔환영
201,먹팔해요
202,먹스타그램
203,음식
204,음식사진
205,음식스타그램
206,food
207,foodstagram
208,200909
209,레몬
210,아이스티
211,레몬은
212,사랑입니다
213,컴포즈커피
214,Compose
215,coffee
216,일상
217,일상그램
218,일상스타그램
219,팔로우미
220,팔로우
221,팔로잉
222,팔로워늘리기
223,좋반
224,좋튀
225,좋아요반사
226,좋아요
227,컴포즈커피
228,메론스무디
229,컴포즈커피
230,컴포즈커피
231,옥정호수공원
232,옥정호수공원카페
233,옥정카페
234,옥정카페추천
235,옥정맛집
236,옥정
237,옥정신도시
238,옥정대방노블랜드
239,옥정와플
240,옥정와플맛집
241,옥정호수공원와플
242,옥정카페배달
243,옥정커피배달
244,옥정와플배달
245,내돈내산
246,컴포즈커피
247,컴포즈와플
248,컴포즈크로플
249,크로플
250,와플
251,컴포즈커피
252,컴포즈커피
253,메론라떼
254,십정점
255,맛있다
256,일상
257,데일리
258,daily
259,먹어봤니
260,청정원
261,폴라비
262,이거
263,사장님
264,선물
265,컴포즈커피
266,청포도에이드
267,3500원
268,써브웨이
269,폴드포크
270,9월22일
271,마산
272,쉬는날
273,화이트마카다미아쿠키
274,멜론라떼
275,존맛탱
276,창원
277,컴포즈커피
278,돌체라떼
279,24살
280,인스타그램
281,직장인스타그램
282,화요일
283,컴포즈커피
284,흑당
285,버블티
286,김강민
287,컴포즈커피
288,알바1일차
289,처음으로한알바
290,초보알바
291,최저시급
292,카페알바
293,카페
294,커피
295,스무디
296,라떼
297,아메리카노
298,행사중
299,천원아메리카노
300,금요일까지만
301,광주
302,진월동
303,컴포즈커피
304,카페
305,아아
306,녹차라떼
307,사과생크림와플
308,디저트
309,카페스타그램
310,먹스타그램
311,유또먹
312,사진스타그램
313,일상
314,피드
315,댓글
316,디엠
317,좋아요테러
318,선팔하면맞팔
319,좋반
320,팔로우
321,다렉
322,follow4like
323,fff
324,followforfollowback
325,likeforlikes
326,instadaily
327,instagram
328,dm
329,척시원병원
330,수다쟁이들
331,찌니
332,동아
333,1차
334,컴포즈커피
335,갑자기
336,병원
337,또
338,경지니가
339,아
340,요즘
341,실버타운
342,자주보니
343,이젠
344,컴포즈커피
345,돌체아이스라떼
346,달달한커피
347,커피스타그램
348,잠깐의여유
349,베비에르
350,컴포즈커피
351,라떼
352,초코
353,다크마왕파이
354,빵
355,빵스타그램
356,풍암동맛집
357,풍암동빵집
358,컴포즈커피
359,compose
360,카라멜마끼아또
361,곰돌이젤리
362,하리보젤리
363,감사합니다
364,고맙습니다
365,thankyou
366,공짜
367,맛있다
368,좋아요
369,컴포즈커피
370,시나몬카라멜와플
371,밀크티
372,오늘의저녁
373,today
374,1인1메뉴
375,내장난감내주스는내가지킨다
376,composecoffee
377,컴포즈커피
378,컴포즈커피충장로점
379,allventi
380,카페
381,커피
382,와플
383,광주
384,충장로
385,광주맛집
386,광주카페
387,광주충장로
388,맞팔
389,선팔
390,좋아요
391,좋아요반사
392,좋반
393,맞팔해요
394,소통
395,맞팔환영
396,팔로우
397,likeforfollow
398,followmeback
399,follow
400,likeforlikes
401,l4l
402,f4f
403,instagram
404,코로나19물러가라
405,코로나19극복
406,컴포즈문덕점
407,양산커피
408,까페
409,컴포즈커피
410,커피스타그램
411,컴포즈커피신주점
412,돌체라떼맛집
413,와플맛집
414,틀린그림찾기
415,컴포즈커피
416,의정부역커피
417,양주시
418,옥정동
419,점심
420,분식
421,신전떡볶이
422,스팸마요컵밥
423,치즈떡볶이
424,오징어튀김
425,모듬튀김
426,삶은계란
427,맛있어
428,디저트
429,배달
430,센스쟁이
431,잘먹을게
432,컴포즈커피
433,티라미슈
434,조각케익
435,딸기요거트스무디
436,먹스타그램
437,일상
438,소통
439,하트
440,댓글
441,좋아요
442,건빵빠샤
443,컴포즈커피
444,컴포즈커피
445,옥정호수공원
446,옥정호수공원카페
447,옥정카페
448,옥정카페추천
449,옥정맛집
450,옥정
451,옥정신도시
452,옥정대방노블랜드
453,옥정와플
454,옥정와플맛집
455,옥정호수공원와플
456,옥정카페배달
457,옥정커피배달
458,옥정와플배달
459,카페
460,컴포즈커피
461,카페알바
462,composecoffee
463,마스크필수
464,코로나조심
465,선팔
466,맞팔
467,선팔하면맞팔
468,첫줄
469,좋반
470,좋아요반사
471,좋아요그램
472,좋아요
473,좋아요환영
474,셀스타그램
475,얼스타그램
476,팔로우
477,팔로우반사
478,팔로우환영
479,팔로우늘리기
480,맞팔100
481,컴포즈커피남동푸르지오시티점
482,컴포즈커피
483,셀프주문
484,키오스크설치
485,커피맛집
486,포스
487,카드단말기
488,프랜차이즈
489,키오스크
490,무인주문
491,NFC
492,비접촉
493,카드결제
494,외식전문
495,24시간
496,연중무휴
497,관리서비스
498,전국관리
499,콜센터
500,15443640
501,식당창업
502,창업준비
503,대박아이템
504,해남린지네일
505,운동후
506,라떼한잔
507,커피한잔의행복
508,좋은하루되세요
509,컴포즈커피
510,미니꿀설기
511,컴포즈커피
512,개업떡
513,꿀설기
514,미니꿀설기
515,그로우커넥트
516,떡집
517,떡
518,돌떡
519,백일떡
520,인천떡집
521,인천백일떡
522,인천답례떡
523,떡스타그램
524,배곧떡집
525,맞팔
526,선팔맞팔
527,인천논현동떡집
528,인천맘
529,오늘
530,좋아요반사
531,인스타
532,일상
533,소통
534,맞팔
535,데일리
536,팔로우
537,좋아요반사
538,좋아요테러
539,좋반테러
540,나같은서민은
541,컴포즈커피
542,커피는컴포트가진리
543,스타벅스해안대로dt점
544,직원분들
545,미안해요
546,강가
547,럽스타그램
548,2
549,반려견
550,말티즈
551,반장이
552,강아지
553,김해
554,장유
555,율하
556,율하카페거리
557,컴포즈커피
558,율하컴포즈커피
559,라이더자켓
560,야광목걸이
561,강아지친구환영
562,인친환영
563,선팔
564,맞팔
565,선팔하면맞팔
566,좋아요
567,좋아요테러
568,문의dm
569,코로나조심
570,마스크생활화
571,likeforlikes
572,fff
573,송상현광장
574,이마트트레이더스
575,컴포즈커피
576,버거킹
577,영상통화
578,바쁘다바빠
579,주말스타그램
580,오랫만에
581,딸이랑
582,셀스타그램
583,합성동카페
584,컴포즈커피
585,일요일저녁
586,간만에
587,마실
588,지눅
589,스빠새끼
590,컴포즈커피
591,composecoffee
592,coffee
593,cafe
594,샷추가
595,일요일은쉽니다
596,신발안신는날
597,은계지구
598,컴포즈커피
599,은계카페
600,은계지구카페
601,컴포즈커피시흥은계점
602,컴포즈커피은계점
603,은계카페추천
604,시흥카페
605,시흥카페추천
606,시흥데이트
607,instadaily
608,dailypic
609,데일리
610,데일리그램
611,온더테이블
612,onthetabel
613,daily
614,카페그램
615,일상스타그램
616,일상
617,카페투어
618,먹스타그램
619,맛스타그램
620,먹방
621,냠냠
622,좋아요
623,바닐라라떼
624,아바라
625,아이스바닐라라떼
626,아이스아메리카노
627,만덕누리길전망테크
628,커피
629,커피스타그램
630,컴포즈커피
631,부산카페
632,좋은날
633,컴포즈커피
634,오늘
635,오후
636,아아
637,컴포즈커피
638,초코오레오라떼
639,먹방
640,일상
641,카페
642,첫줄
643,일상
644,데일리
645,주말일상
646,주말
647,남포동
648,대신동
649,컴포즈커피
650,셀카고자
651,셀카
652,못생김주의
653,컴포즈
654,컴포즈커피
655,아아
656,아이스아메리카노
657,먹스타그램
658,커피스타그램
659,냠냠
660,컴포즈커피
661,투싼구형
662,나의네번째애마
663,곧바꾸자
664,소가죽클러치가방
665,발렌가죽지갑
666,주일
667,컴포즈커피
668,컴포즈커피
669,옥정호수공원
670,옥정호수공원카페
671,옥정카페
672,옥정카페추천
673,옥정맛집
674,옥정
675,옥정신도시
676,옥정대방노블랜드
677,옥정와플
678,옥정와플맛집
679,옥정호수공원와플
680,옥정카페배달
681,옥정커피배달
682,옥정와플배달
683,컴포즈커피월곡점
684,아아
685,딸기라떼
686,생크림사과와플
687,와플
688,쿠폰써서
689,아아는무료
690,집에가자이제
691,일요일오후
692,당충전
693,집앞에서
694,낮엔덥다
695,컴포즈커피
696,03
697,18
698,개인사진
699,역시
700,길거리에서
701,사진찍고놀기
702,다른사람의
703,시선따위는
704,신경쓰지않는다
705,아웃겨
706,컴포즈커피
707,얼죽아바라
708,진심을담다
709,즐거움
710,신나는하루
711,결혼축하해
712,행복하게잘살아
713,노래방은
714,다음에가는걸로
715,커피타임
716,컴포즈커피
717,26개월아기
718,쑥쑥자란다
719,세상천지가안방인지유
720,농구공
721,누구꺼냐
722,컴포즈커피
723,뽀로로
724,워터젤리
725,가을
726,가을소풍
727,친구서진이랑
728,처음봄
729,다음을기약
730,육아
731,육아스타그램
732,딸스타그램
733,육아소통
734,까페
735,개업떡
736,오픈파티
737,쌀한톨
738,컴포즈커피
739,2500
740,3000
741,3000
742,옥길동
743,부천와플
744,daily
745,foodstagram
746,foodphotography
747,술안먹는모임
748,사진스타그램
749,침산동맛집
750,오븐마루
751,컴포즈커피
752,파스쿠찌
753,카페
754,치킨
755,냠냠
756,맛집
757,카페두탕
758,chicken
759,coffee
760,cafe
761,좋아요
762,불토
763,맛있다
764,사진
765,photo
766,티타임
767,치밥
768,컴포즈커피
769,모카자바칩프라페
770,오전커피타임
771,집밥
772,먹스타그램
773,밥스타그램
774,등갈비찜
775,컴포즈커피
776,크로플
777,크로와플
778,쿠키셰이크
779,컴포즈커피
780,오레오와플
781,아빠심부름
782,아빠미션클리어
783,전구갈기도전
784,큰아이
785,컴포즈커피
786,용돈더주세요
787,아들은아빠가가르쳐
788,주말일상
789,가족외식
790,오징어회
791,우리동네맛집
792,컴포즈커피
793,인셀덤쭈언니
794,행복한일상
795,오늘두
796,예쁘다고
797,컴포즈커피
798,블루레몬에이드
799,초코라떼
800,컴포즈커피블루레몬에이드
801,컴포즈커피초코라떼
802,에이드
803,카페스타그램
804,커피
805,composecoffee
806,먹스타그램
807,fooddaa
808,크로와플
809,컴포즈문덕점
810,컴포즈커피
811,주말
812,토요일
813,날씨좋다
814,현실은집콕중
815,아아메
816,오픈행사중
817,아아메
818,천원
819,먹팔
820,먹방
821,먹부림
822,먹스타그램
823,맛스타그램
824,아아스타그램
825,컴포즈커피
826,팥절미쉐이크
827,먹스타그램
828,컴포즈커피
829,컴포즈커피
830,아메리카노
831,원플러스원
832,컴포즈커피
833,마린시티
834,테라스카페
835,제니스상가1층
836,주말오전
837,한가한주말
838,여유로운시간
839,컴포즈커피
840,크로와플
841,체리오레오쉐이크
842,와플
843,waffle
844,croiwaffle
845,시흥
846,시흥카페
847,시흥화폐시루
848,시루가맹점
849,컴포즈커피
850,컴포즈커피시흥배곧도서관점
851,카카오페이
852,나이스오더
853,현기증나니까
854,빨리주세효
855,컴포즈커피
856,요그앤오트
857,컴포즈커피
858,5세딸
859,4세개딸
860,아이와개
861,골든리트리버
862,리트리버
863,부평중앙공원
864,부평공원
865,잉글리쉬쉽독
866,친구만남
867,컴포즈커피
868,컴포즈커피크로플
869,goldenretriever
870,retriever
871,컴포즈커피
872,컴포즈커피방화역점
873,컴포즈커피창업
874,컴포즈커피문의
875,600호점돌파
876,창업문의
877,창업상담
878,프랜차이즈컨설팅
879,휴게음료전문컨설팅
880,와플
881,시나몬와플
882,컴포즈커피
883,광주
884,광주맛집
885,동명동
886,충장로
887,먹방
888,카페
889,광주카페
890,먹스타그램
891,먹스타
892,맛스타
893,맛스타그램
894,맛있다
895,푸드스타그램
896,맛집
897,먹방투어
898,맛집투어
899,카페투어
900,카페스타그램
901,디저트그램
902,오늘뭐먹지
903,좋아요
904,소통
905,선팔
906,맞팔
907,팔로우
908,존맛
909,daily
910,instadaily
911,instalike
912,언니네점빵
913,순희네반찬
914,얌샘김밥
915,컴포즈커피
916,반영구화장
917,속눈썹연장
918,맛집
919,속눈썹펌
920,젤네일
921,눈썹왁싱
922,헤어라인
923,snp
924,티트입술
925,주촌
926,happybirthday
927,sophia
928,blessyou
929,loveyou
930,thankyoufor
931,being
932,ouractor
933,주촌맛집
934,엠보눈썹
935,언니네점빵
936,속눈썹연장
937,속눈썹펌
938,반영구화장
939,아이라인
940,얌샘김밥
941,순희네반찬
942,컴포즈커피
943,젤네일젤패디
944,1주년
945,사귄지
946,사랑한지
947,축하해
948,오래함께하자
949,시간이빠르다
950,사랑해
951,엄청
952,행복하당
953,커플
954,인스타그램
955,럽스타그램
956,일상스타그램
957,데일리스타그램
958,티라미수
959,케이크
960,뿌링클
961,서가엔쿡한상
962,컴포즈커피
963,팔로우
964,팔로우미
965,선팔환영
966,좋아요꾹꾹
967,00년생
968,21
969,좋반
970,안산
971,중앙동
972,컴포즈커피
973,와플
974,아메리카노
975,카페라떼
976,안산왁싱
977,안산마사지
978,첫줄
979,좋아요반사
980,첫줄반사
981,먹스타
982,먹스타그램
983,맛스타그램
984,젛아요반사
985,선팔하면맞팔
986,맞팔
987,맞팔해요
988,좋아요그램
989,금요일
990,불금
991,영업중
992,선물
993,감사합니다
994,서브웨이
995,샌드위치
996,컴포즈커피
997,아아메
998,수다는떨고싶은데
999,나가기도귀찮고
1000,혼자만의시간
1001,좋다
1002,맛점
1003,건강식
1004,따뜻한요가러브
1005,컴포즈커피
1006,라떼
1007,샐러드맛집
1008,건강하게몸만들기
1009,운동하는여자
1010,몸스타그램
1011,동탄요가러브
1012,yolo
1013,요가는요가러브에서
1014,동탄2신도시요가
1015,애정가득한도시락
1016,yoga
1017,일상기록
1018,카림2차
1019,반도7차
1020,반도8차
1021,반도5차
1022,컴포즈커피
1023,시흥배곧도서관점
1024,배곧자전거
1025,밤늦게
1026,웃게해줘서
1027,초콜릿
1028,04
1029,05
1030,06
1031,부산성형외과
1032,부산피부과
1033,서면
1034,해운대
1035,첫줄없음
1036,컴포즈커피
1037,아메리카노
1038,체리오레오쉐이크
1039,펄추가
1040,상하우유
1041,와플
1042,COMPOSE
1043,컴포즈커피소하점
1044,오레오
1045,오레오쉐이크
1046,체리
1047,카페
1048,아아
1049,소하동
1050,하안동
1051,광명시
1052,맛집
1053,데이트
1054,디저트
1055,오픈행사아메리카노천원
1056,시즌상품이라곧안녕
1057,일상
1058,일상기록
1059,소통
1060,선팔하면맞팔
1061,컴포즈커피
1062,아이스아메리카노
1063,방돈인친3기
1064,방돈인친2기
1065,방돈인친2기16조
1066,방돈인친
1067,방돈인친
1068,방돈
1069,오산
1070,오산역
1071,카페
1072,컴포즈커피
1073,아메리카노
1074,근무중
1075,일중
1076,컴포즈커피
1077,김해구산점
1078,오레오라떼
1079,초코라떼
1080,영란언니대박나세요
1081,자주는못가고가끔갈게요
1082,컴포즈커피
1083,복숭아티
1084,광명
1085,컴포즈커피
1086,크로플맛집
1087,광명카페
1088,광명역카페
1089,컴포즈커피광명무역센터점
1090,컴포즈커피
1091,composecoffee
1092,홍보
1093,카페
1094,딸기요거트스무디
1095,쿠키앤초코프라푸치노
1096,그린티프라페
1097,내돈내산
1098,컴포즈
1099,따뜻한아메리카노
1100,코로나
1101,w스퀘어
1102,컴포즈커피
1103,나이스오더
1104,모바일
1105,compose
1106,coffee
1107,용호동w스퀘어
1108,줌마일상
1109,비오니까
1110,봉애쭈꾸미
1111,볶음밥필수
1112,육전밀면
1113,언제나옳다
1114,두말이필요없는사이
1115,좋구나
1116,컴포즈커피
1117,투현하원시간40분전충전
1118,저녁에또만나
1119,한내천
1120,컴포즈커피
1121,라떼
1122,여유
1123,힐링
1124,캘리그라피
1125,모들아트
1126,스마트스토어
1127,문구제작
1128,원데이클래스
1129,투명액자
1130,캘리액자
1131,선물액자
1132,인테리어소품
1133,사랑가득
1134,추억액자
1135,결혼선물
1136,돌선물
1137,집들이선물
1138,컴포즈커피
1139,사과생크림와플
1140,followforfollowback
1141,follow4like
1142,daily
1143,dailylook
1144,following
1145,follow
1146,instalike
1147,instadaily
1148,instagram
1149,문정역카페
1150,문정맛집
1151,문정와플
1152,와플맛집
1153,컴포즈
1154,와플
1155,임신23주차
1156,23주
1157,예비쥐띠맘
1158,초음파사진
1159,임산부소통
1160,쥐띠맘소통
1161,임신스타그램
1162,라밥
1163,컴포즈커피
1164,cheerup
1165,afternooncoffee
1166,composecoffee
1167,컴포즈커피
1168,맞팔
1169,소통
1170,좋아요
1171,인친해요
1172,선팔
1173,카페라떼
1174,라떼
1175,컴포즈커피
1176,네이처밸리
1177,그래놀라바
1178,점심
1179,다이어트
1180,간식
1181,먹스타그램
1182,이디야
1183,마카롱
1184,컴포즈커피
1185,공부
1186,타임랩스
1187,명언
1188,컴포즈커피
1189,금천동컴포즈커피
1190,금천동카페
1191,금천광장카페
1192,컴포즈커피
1193,컴포즈커피독산롯데시네마점
1194,600호점돌파
1195,컴포즈커피창업
1196,창업문의
1197,창업상담
1198,프랜차이즈컨설팅
1199,휴게음료전문컨설팅
1200,컴포즈커피
1201,동해
1202,천곡시내
1203,아이스아메리카노
1204,혼자만의시간
1205,혼자만의여유부리기
1206,혼자서
1207,커피마시기
1208,양산중부동
1209,양산카페
1210,컴포즈커피
1211,시즌메뉴
1212,맛집
1213,놀러오세요
1214,양산카페
1215,오늘은
1216,비가와서
1217,달달한
1218,바닐라라떼
1219,커피한잔의여유
1220,양산중부동
1221,컴포즈커피
1222,오세요
1223,아바라
1224,아이스바닐라라떼
1225,컴포즈커피
1226,컴포즈커피아이스바닐라라떼
1227,컴포즈커피아바라
1228,커피스타그램
1229,먹스타그램
1230,카페
1231,커피
1232,얼죽아
1233,fooddaa
1234,흑당라떼
1235,컴포즈커피
1236,교육
1237,김밥
1238,카페스타그램
1239,아이스아메리카노
1240,아아메
1241,카페
1242,커피
1243,커피스타그램
1244,컴포즈
1245,컴포즈커피
1246,속
1247,시원하다
1248,생활방역
1249,항균탈취
1250,소독완료
1251,피톤치드
1252,거리두기실천
1253,마스크생활화
1254,클린존
1255,코로나꺼져
1256,얌샘김밥
1257,컴포즈커피
1258,김해주촌점
1259,무료나눔
1260,무료봉사
1261,그래도만원만주세요
1262,차비는주세요
1263,어디든달려갑니다
1264,모래내시장
1265,푸른바다참치
1266,컴포즈커피
1267,오레오
1268,메론
1269,먹스타그램
1270,서프라이즈꽃선물
1271,핑크장미7송이
1272,고마오요
1273,내일만출근하면휴무
1274,컴포즈문덕점
1275,꼬끄후레이크
1276,리뷰이벤트
1277,컴포즈문덕점
1278,스트레스해소에는
1279,달달한게최고
1280,컴포즈커피
1281,카페모카
1282,달달하니
1283,기분이풀리네
1284,코로나19
1285,장기화로인해
1286,다들힘들지만
1287,제발마스크좀
1288,올바르게쓰세요
1289,어린아이들도
1290,잘지키는데
1291,어른들이
1292,말을더안들어
1293,창피한줄아세요
1294,턱스크
1295,노마스크
1296,자랑이니
1297,병원와서
1298,갑질금지
1299,우리들도
1300,누군가에는
1301,소중한사람
1302,가족입니다
1303,기분전환으로
1304,네일아트
1305,그로우네일
1306,신정동네일
1307,자개네일
1308,오뚜기
1309,오뚜기신제품
1310,크림진짬뽕
1311,soso
1312,명랑핫도그
1313,따따블치즈핫도그
1314,말모
1315,여전히존맛
1316,치즈파티
1317,치즈범벅
1318,식후땡
1319,컴포즈커피
1320,자몽에이드
1321,방구석리뷰
1322,내돈내산
1323,돼지런한하루
1324,먹스타그램
1325,instafood
1326,foodie
1327,foodstagram
1328,해피먹블리
1329,테이크아웃
1330,커피전문점
1331,프랜차이즈커피
1332,아메리카노가격비교
1333,초저가아메리카노
1334,초저가
1335,아메리카노
1336,컴포즈커피
1337,메가커피
1338,커피온리
1339,더벤티
1340,카페추천
1341,카드뉴스
1342,콘텐츠마케팅
1343,카드뉴스디자인
1344,가산디지털단지역
1345,컴포즈커피
1346,쿠키베리밀크
1347,오늘만2잔째
1348,컴포즈커피
1349,딸기스무디
1350,인스타그램
1351,인스타일상
1352,데일리
1353,일상소통
1354,일상기록
1355,소통
1356,소통환영
1357,인친환영
1358,instatoday
1359,선팔하면맞팔
1360,팔로워
1361,좋아요
1362,육아그램
1363,육아소통
1364,육아일기
1365,베이비스타그램
1366,베이비인스타
1367,육아소통
1368,딸스타그램
1369,딸맘
1370,공주
1371,세젤귀
1372,육아맘
1373,예비맘
1374,돌끝맘
1375,출근길
1376,퇴근길
1377,스타벅스
1378,헤이즐넛오트쇼콜라
1379,컴포즈커피
1380,팥절미쉐이크
1381,긍정의힘
1382,lovemyself
1383,이런
1384,좋아요
1385,소통
1386,데일리
1387,일상
1388,일상기록
1389,일기
1390,매일
1391,셀피
1392,셀카
1393,selfie
1394,저렴이커피
1395,컴포즈커피
1396,컴포즈커피파주운정점
1397,컴포즈커피창업
1398,컴포즈커피문의
1399,600개돌파
1400,프랜차이즈컨설팅
1401,휴게음료전문컨설팅
1402,조방낙지
1403,포항조방낙지
1404,원조
1405,컴포즈커피
1406,컴포즈커피상원점
1407,컴포즈커피
1408,초코프라페
1409,엄청맛있당
1410,담에
1411,컴포즈커피
1412,컴포즈시나몬와플
1413,먹스타그램
1414,생후440일
1415,신한결
1416,신한별
1417,14개월아기
1418,일상
1419,김해맘
1420,오전산책
1421,아침밥
1422,컴포즈커피
1423,오곡라떼
1424,와플
1425,커피
1426,아침
1427,출근길
1428,피곤함
1429,컴포즈커피
1430,테이크아웃
1431,언니가
1432,유리가
1433,현희가
1434,다들감사해요
1435,은계지구
1436,컴포즈커피
1437,은계카페
1438,은계지구카페
1439,컴포즈커피시흥은계점
1440,컴포즈커피은계점
1441,은계카페추천
1442,시흥카페
1443,시흥카페추천
1444,시흥데이트
1445,instadaily
1446,dailypic
1447,데일리
1448,데일리그램
1449,온더테이블
1450,onthetabel
1451,daily
1452,카페그램
1453,일상스타그램
1454,일상
1455,카페투어
1456,먹스타그램
1457,맛스타그램
1458,먹방
1459,냠냠
1460,좋아요
1461,에이드
1462,블루레몬에이드
1463,레몬에이드
1464,핑크레몬에이드
1465,뷰티꾸
1466,광명왁싱
1467,광명붙임머리
1468,컴포즈커피
1469,딸기요거트스무디
1470,광명카페추천
1471,광명사거리카페
1472,광명맛집추천
1473,철산카페
1474,왁싱할인
1475,붙임머리할인
1476,좋반사댓
1477,컴포즈커피
1478,컴포즈커피운정이마트점
1479,600개돌파
1480,컴포즈커피창업
1481,창업문의
1482,창업상담
1483,프랜차이즈컨설팅
1484,휴게음료전문컨설팅
1485,근데가던곳이훨마싯노
1486,먹스타그램
1487,맛점스타그램
1488,먹방샷
1489,먹방
1490,일상
1491,선팔
1492,맞팔
1493,언팔절대금지
1494,셀카
1495,인친
1496,인스타
1497,소통
1498,S미노의맛집탐방
1499,부산
1500,남포동
1501,컴포즈커피
1502,아메리카노
1503,데일리그램일상
1504,카페
1505,커피
1506,컴포즈커피
1507,괴정
1508,동양경양식
1509,오랜만에
1510,가족들이랑
1511,여동생
1512,어머니
1513,점심스타그램
1514,아버지는
1515,금산에
1516,보고싶어요
1517,돈까스
1518,돈까스맛집
1519,함박스테이크
1520,컴포즈커피
1521,커피한잔
1522,괴정맛집
1523,괴정술집
1524,사하구
1525,사하구맛집
1526,사하구술집
1527,괴정봉구비어
1528,괴정가마치통닭
1529,출근전
1530,와인한잔
1531,와인좋아
1532,점심냠냠
1533,열심히일하자
1534,긍정적으로
1535,초심을잃지말자
1536,화이팅
1537,생후263일
1538,겨울이성장기록
1539,컴포즈커피
1540,애비는와플중독자
1541,시
1542,달천철장
1543,조용하니
1544,풀냄새맡으며
1545,딸기요거트스무니한잔
1546,가을가을하네
1547,옆에는누구
1548,두통이사라지네
1549,컴포즈커피
1550,울산맛집
1551,먹스타그램
1552,먹방
1553,먹스타맞팔
1554,먹팔
1555,맛집추천
1556,울산
1557,팔로우환영
1558,팔로우
1559,탄탄맨공방
1560,탄탄
1561,탄탄멘
1562,삼산동맛집
1563,삼산
1564,삼산카페
1565,컴포즈커피
1566,밀크티
1567,삼산카페추천
1568,컴포즈커피
1569,컴포즈커피
1570,옥정호수공원
1571,옥정호수공원카페
1572,옥정카페
1573,옥정카페추천
1574,옥정맛집
1575,옥정
1576,옥정신도시
1577,옥정대방노블랜드
1578,옥정와플
1579,옥정와플맛집
1580,옥정호수공원와플
1581,옥정카페배달
1582,옥정커피배달
1583,옥정와플배달
1584,소소한
1585,선물
1586,요신의하루성남점
1587,초코라떼
1588,풋사과
1589,컴포즈커피
1590,초코파이
1591,커피마시기좋은날
1592,얼그레이스콘
1593,얼그레이머핀
1594,완전맛있어
1595,컴포즈커피
1596,고덕삼성점
1597,돌체라떼
1598,카페
1599,카페맛집
1600,카페투어
1601,컴포즈커피
1602,하루일상
1603,맛난커피
1604,커피한잔의여유
1605,컴포즈커피
1606,컴포즈커피
1607,아이스카페모카
1608,컴포즈커피
1609,아이스아
1610,맥도날드
1611,맥스파이시상하이버거
1612,민트초코오레오프라페
1613,컴포즈커피
1614,음료
1615,가을꽃게
1616,집밥
1617,행복스타그램
1618,마리지안
1619,여행스타그램
1620,운동하는여자
1621,노력하는여자
1622,코로나19
1623,코로나물러가라
1624,먹방하는여자
1625,커피파는여자
1626,카페
1627,셀피
1628,셀카
1629,오오티디
1630,지금은내가알바
1631,창원마산
1632,먹스타그램
1633,어반브릭스
1634,컴포즈커피
1635,유니시티3단지
1636,캠핑녀
1637,트레킹코스
1638,운동하는여자
1639,행복스타그램
1640,마리지안
1641,여행스타그램
1642,운동하는여자
1643,노력하는여자
1644,코로나19
1645,코로나물러가라
1646,먹방하는여자
1647,커피파는여자
1648,카페
1649,셀피
1650,셀카
1651,오오티디
1652,지금은내가알바
1653,창원마산
1654,먹스타그램
1655,어반브릭스
1656,컴포즈커피
1657,유니시티3단지
1658,북면카페
1659,캠핑사랑
1660,주남저수지
1661,행복스타그램
1662,마리지안
1663,여행스타그램
1664,운동하는여자
1665,노력하는여자
1666,코로나19
1667,코로나물러가라
1668,먹방하는여자
1669,커피파는여자
1670,카페
1671,셀피
1672,셀카
1673,오오티디
1674,지금은내가알바
1675,창원마산
1676,먹스타그램
1677,어반브릭스
1678,컴포즈커피
1679,유니시티3단지
1680,캠핑녀
1681,컴포즈커피
1682,컴포즈커피마곡수명산점
1683,600개돌파
1684,창업문의
1685,창업상담
1686,프랜차이즈컨설팅
1687,컴포즈커피
1688,커피
1689,커피스타그램
1690,카페
1691,컴포즈커피
1692,음식
1693,음식스타그램
1694,맛집
1695,맛집추천
1696,맛집스타그램
1697,맛집탐방
1698,카페
1699,크로플
1700,운정맛집
1701,운정
1702,산내마을
1703,산내마을맛집
1704,음식리뷰
1705,리뷰
1706,카페추천
1707,운정카페
1708,파주카페
1709,컴포즈커피
1710,composecoffee
1711,자몽허니블랙티
1712,운정컴포즈커피
1713,산내마을컴포즈커피
1714,딸래미기다리며
1715,컴포즈커피
1716,처음시켜봄
1717,쿠키쉐이크
1718,쉐키쉐킷
1719,다대포
1720,컴포즈
1721,컴포즈커피
1722,컴포즈몰운대점
1723,와플
1724,크로플
1725,커피
1726,배민
1727,나이스오더
1728,배민오더
1729,위례쿠키맛집
1730,유쥬얼
1731,컴포즈커피
1732,오뜨쿠키
1733,경상도
1734,경상남도
1735,경남
1736,김해시
1737,김해
1738,삼방동
1739,어방동
1740,인제대학교
1741,인제대
1742,인제대학로
1743,인제공원
1744,컴포즈커피
1745,아메리카노
1746,아이스아메리카노
1747,아이스커피
1748,커피
1749,호두과자
1750,땅콩빵
1751,경남로드
1752,일상
1753,데일리
1754,Daily
1755,일상스타그램
1756,컴포즈커피
1757,컴포즈커피
1758,옥정호수공원
1759,옥정호수공원카페
1760,옥정카페
1761,옥정카페추천
1762,옥정맛집
1763,옥정
1764,옥정신도시
1765,옥정대방노블랜드
1766,옥정와플
1767,옥정와플맛집
1768,옥정호수공원와플
1769,옥정카페배달
1770,옥정커피배달
1771,옥정와플배달
1772,흑찰옥수수
1773,컴포즈커피
1774,열체질
1775,장난꾸러기
1776,애교쟁이
1777,다블리
1778,instakids
1779,babylife
1780,4살
1781,컴포즈커피
1782,딸기바나나쥬스
1783,21
1784,다음엔
1785,어디갈까
1786,우유
1787,딸기청
1788,휘핑
1789,딸기라떼
1790,컴포즈문덕점
1791,사진을
1792,여간잘찍어줘
1793,주말
1794,마무리
1795,컴포즈커피
1796,루프탑이있었네
1797,삽겹살이나먹자
1798,놀자놀자
1799,동네한바퀴
1800,지금
1801,인스타타임
1802,바지도안입었는디
1803,언제냐오냐고
1804,옆동네가서
1805,안나온다고
1806,난리난리
1807,평택
1808,고덕
1809,컴포즈커피
1810,달고나
1811,똥과자
1812,레고
1813,컴포즈커피
1814,엽떡
1815,엽기떡볶이
1816,bhc
1817,치즈볼
1818,케이준감자튀김
1819,불닭마요
1820,스티커컬러링북
1821,푸우
1822,도날드덕
1823,미키마우스
1824,덤보
1825,부산
1826,재송동
1827,친구집
1828,유리집
1829,우정
1830,지혀니
1831,정은이도
1832,유리
1833,윤정
1834,친구
1835,재밋엇어
1836,또보자
1837,통영
1838,죽림
1839,박실장
1840,컴포즈
1841,컴포즈커피
1842,컴포즈커피통영죽림점
1843,컴포즈커피통영1호점
1844,컴포즈커피
1845,컴포즈커피
1846,옥정호수공원
1847,옥정호수공원카페
1848,옥정카페
1849,옥정카페추천
1850,옥정맛집
1851,옥정
1852,옥정신도시
1853,옥정대방노블랜드
1854,옥정와플
1855,옥정와플맛집
1856,옥정호수공원와플
1857,옥정카페배달
1858,옥정커피배달
1859,옥정와플배달
1860,컴포즈
1861,쿠키쉐이크
1862,컴포즈커피
1863,팥절미쉐이크
1864,딸기스무디
1865,컴포즈커피
1866,고덕삼성점
1867,컴포즈커피
1868,펭수
1869,펭수와함께
1870,알바
1871,주말바쁨
1872,커피
1873,부산
1874,카페
1875,부산카페
1876,추천메뉴
1877,컴포즈커피병점진안점
1878,와플
1879,컴포즈커피
1880,카페
1881,커피
1882,가을
1883,병점
1884,동탄
1885,화성
1886,HyennimmsPick
1887,HyennimmsChoice
1888,뷰티
1889,뷰티스타그램
1890,코덕
1891,먹스타그램
1892,여행스타그램
1893,패션스타그램
1894,일상
1895,셀카
1896,좋아요반사
1897,소통
1898,맞팔
1899,셀스타그램
1900,beauty
1901,kbeauty
1902,fff
1903,selfie
1904,daily
1905,ootd
1906,instafood
1907,가족들이랑
1908,로니로티
1909,컴포즈커피
1910,크로와플
1911,내가원하던맛은아니였지만
1912,그래도맛나다
1913,로이드
1914,배곧컴포즈커피
1915,컴포즈커피
1916,아메리카노
1917,블루베리요거트스무디
1918,마시자그램
1919,사진은취미
1920,그냥그램
1921,진주
1922,부산
1923,혼밥판사
1924,정재민
1925,무엇이무엇이필요할까
1926,컴포즈커피
1927,팥절미쉐이크
1928,iloveYangsan
1929,책스타그램
1930,여유로운주말일상
1931,아들자전거태우려다
1932,엄마아빠만운동하는느낌
1933,범계
1934,범계카페
1935,후식
1936,디저트
1937,컴포즈커피
1938,범계컴포즈
1939,범계로데오
1940,리얼초코자바칩프라페
1941,메론스무디
1942,벤티사이즈
1943,배부르당
1944,먹스타그램
1945,맛스타그램
1946,후식스타그램
1947,JMT
1948,jmtgr
1949,jmtgrtt
1950,JMTGRTT
1951,컴포즈커피
1952,컴포즈와플
1953,사장님최고
1954,컴포즈
1955,지웰타워
1956,짱맛
1957,자박갈비칠곡점
1958,존맛탱
1959,비오는날
1960,친구랑데이트
1961,컴포즈커피
1962,칠곡
1963,성서
1964,6년지기
1965,대구
1966,자주보자
1967,카공족
1968,가성비좋은
1969,컴포즈커피
1970,바닐라라떼
1971,컴포즈커피
1972,컴포즈커피갈산점
1973,오픈매장
1974,알바생의하루
1975,커피스타그램
1976,컴포즈커피는1500원
1977,일상
1978,일상스타그램
1979,5살
1980,5살남아
1981,차쟁이
1982,스타그램
1983,아기스타그램
1984,애스타그램
1985,아빠
1986,가족
1987,가족스타그램
1988,아들스타그램
1989,장난꾸러기
1990,son
1991,family
1992,baby
1993,daily
1994,맞팔
1995,소통
1996,소통스타그램
1997,맞팔환영
1998,좋아요
1999,좋아요반사
2000,화명생태공원
2001,일광소독중
2002,컴포즈커피
2003,아아
2004,셀카그램
2005,컴포즈커피
2006,구로깔깔거리점
2007,메뉴보드tv
2008,사이니지
2009,DID
2010,카멜40인치
2011,천정형설치
2012,컴포즈커피
2013,광명소하점
2014,메뉴보드tv
2015,사이니지
2016,DID
2017,카멜40인치
2018,천정형설치
2019,컴포즈커피
2020,부평동수로점
2021,메뉴보드tv
2022,사이니지
2023,DID
2024,카멜40인치
2025,천정형설치
2026,기념사진
2027,추억
2028,컴포즈커피시흥배곧도서관점
2029,컴포즈커피
2030,간판
2031,컴포즈커피
2032,이두공듀
2033,컴포즈커피
2034,컴포즈커피갈산점
2035,컴포즈커피오픈
2036,갈산역
2037,갈산동
2038,비오는날
2039,체이크아웃
2040,커피맛
2041,아메리카노
2042,커피맛집
2043,coffee
2044,경기도
2045,광주시
2046,창원
2047,시티세븐
2048,컴포즈커피
2049,청소왕
2050,달리기
2051,러닝
2052,running
2053,runafterworkcrew
2054,run
2055,런애프터워크크루
2056,인스타그램
2057,인스타감성
2058,instagram
2059,가민
2060,포러너945
2061,제주도
2062,비행기
2063,근접촬영
2064,한강
2065,운동하는남자
2066,군인
2067,추억회상
2068,개구쟁이
2069,마라톤
2070,marathon
2071,컴포즈커피
2072,컴포즈커피시흥배곧도서관점
2073,개업선물
2074,화분부자
2075,대박
2076,캐나다
2077,컴포즈커피
2078,selfie
2079,selca
2080,daily
2081,following
2082,f4f
2083,followforfollowback
2084,photography
2085,fff
2086,likeforlikes
2087,likeforfollow
2088,instagood
2089,부산술집
2090,부산맛집
2091,컴포즈커피
2092,동래럭키점
2093,맛집탐방
2094,인스타그램
2095,창업상담
2096,컴포즈창업
2097,맞팔선팔
2098,인스타친구
2099,소통해요
2100,커피숍창업
2101,동래커피맛집
2102,동래역
2103,동래산성
2104,비오는
2105,아메리카노
2106,티라미수와함께
2107,광주
2108,컴포즈커피
2109,운남삼성점
2110,따뜻한
2111,운남동
2112,핫플
2113,광주운남동
2114,한사랑병원
2115,좋아요
2116,추천메뉴
2117,망고스무디
2118,복직축하해요
2119,행원언니
2120,돈많이벌어와
2121,돌체사줘
2122,컴포즈커피
2123,컴포즈커피
2124,컴포즈커피
2125,옥정호수공원
2126,옥정호수공원카페
2127,옥정카페
2128,옥정카페추천
2129,옥정맛집
2130,옥정
2131,옥정신도시
2132,옥정대방노블랜드
2133,옥정와플
2134,옥정와플맛집
2135,옥정호수공원와플
2136,옥정카페배달
2137,옥정커피배달
2138,옥정와플배달
2139,컴포즈커피
2140,아아
2141,오늘
2142,금요일
2143,불금
2144,강남역
2145,방황중
2146,갈곳잃음
2147,아메리카노
2148,아이스아메리카노
2149,커피한잔
2150,찐하게
2151,모닝커피
2152,커피그램
2153,카페인충전
2154,노는날
2155,좋아요
2156,신나요
2157,커피맛집
2158,가성비커피
2159,운남동
2160,삼성아파트
2161,컴포즈커피
2162,운남삼성점
2163,아메리카노
2164,1500원
2165,단체석
2166,와플맛집
2167,운남동핫플
2168,컴포즈커피
2169,써
2170,커피그램
2171,5
2172,7
2173,첫줄
2174,만보걷기
2175,걷기
2176,walking
2177,walk
2178,구로디지털단지
2179,구로디지털단지역
2180,신대방
2181,신대방역
2182,신림
2183,신림역
2184,도림천
2185,가을
2186,바람선선
2187,계속이런날씨였으면
2188,2호선
2189,seoul
2190,seoulkorea
2191,밀크티
2192,컴포즈커피
2193,저녁운동
2194,부산
2195,자취
2196,잠시쉬어가기
2197,커피
2198,컴포즈커피
2199,헤이즐럿라떼
2200,아이스헤이즐럿라떼
2201,반찬
2202,오레시피
2203,오레시피부산대연점
2204,계란말이
2205,탕수육
2206,진미채
2207,이마트
2208,훈제오리
2209,오리구이반찬
2210,리미티드피자
2211,이마트피자
2212,다방커피헤이즐넛
2213,전
2214,시장전
2215,동그랑땡
2216,햄맛살전
2217,반찬몰아사기
2218,라면
2219,컵라면
2220,농심
2221,새우탕
2222,새우탕큰사발면
2223,컴포즈커피인천운서역점
2224,컴포즈커피
2225,셀프주문
2226,키오스크설치
2227,커피맛집
2228,포스
2229,카드단말기
2230,프랜차이즈
2231,키오스크
2232,무인주문
2233,NFC
2234,비접촉
2235,카드결제
2236,외식전문
2237,24시간
2238,연중무휴
2239,관리서비스
2240,전국관리
2241,콜센터
2242,15443640
2243,식당창업
2244,창업준비
2245,대박아이템
2246,일상
2247,일상스타그램
2248,커피
2249,커피스타그램
2250,카페
2251,카페스타그램
2252,컴포즈커피
2253,바닐라라떼
2254,바닐라라떼아이스
2255,컴포즈커피
2256,홍보모델
2257,모델견포스
2258,강아지모델
2259,갈푸모델
2260,컴포즈커피
2261,하비
2262,하비스타그램
2263,하비그램
2264,권하비
2265,푸들
2266,푸들스타그램
2267,애프리푸들
2268,갈푸
2269,푸들그램
2270,jgt
2271,instadog
2272,커피스타그램
2273,사지말고입양하세요
2274,입양스타그램
2275,유기견견생역전
2276,컴포즈커피
2277,고덕삼성점
2278,더플라워
2279,해운대
2280,꽃집
2281,더플라워해운대
2282,해운대더플라워
2283,해운대꽃집
2284,해운대신도시꽃집
2285,좌동꽃집
2286,장산역꽃집
2287,중동꽃집
2288,해운대백병원꽃집
2289,해운대교육청꽃집
2290,대동사거리꽃집
2291,53사단꽃집
2292,부산꽃집
2293,부산꽃배달
2294,꽃쟁이
2295,해운대문화회관꽃집
2296,컴포즈커피
2297,반짝이언냐
2298,컴포즈커피
2299,돌체라떼
2300,컴포즈커피
2301,아이스바닐라라떼
2302,치과치료
2303,커피중단
2304,6일만에맛본
2305,라떼
2306,생후434일
2307,신한결
2308,신한별
2309,14개월아기
2310,일상
2311,김해맘
2312,오빠야는
2313,낮잠타임
2314,우리딸은
2315,엄마랑
2316,오전산책
2317,우리별공주
2318,컴포즈커피
2319,딸바
2320,목요일
2321,아침
2322,매일
2323,걷기시작
2324,작심2일째
2325,광안리
2326,문토스트
2327,컴포즈커피
2328,쉬엄쉬엄
2329,더워더워
2330,코스선택미스
2331,다리
2332,부산컴포즈커피
2333,화명역카페
2334,컴포즈커피
2335,부산북구카페추천
2336,부산화명역카페추천
2337,부산화명동카페
2338,부산북구카페
2339,화명동카페
2340,부산화명역카페
2341,컴포즈커피화명동원점
2342,수정역카페
2343,부산화명동카페추천
2344,부산화명동커피
2345,부사수정역카페
2346,맞팔
2347,소통
2348,좋아요
2349,인친해요
2350,선팔
2351,카페라떼
2352,라떼
2353,커피
2354,컴포즈커피
2355,커피수혈
2356,에너지충전
2357,오후도힘
2358,꼬수운
2359,라떼한잔
2360,라떼는말이야
2361,컴포즈커피
2362,카페라떼
2363,라떼
2364,맞팔
2365,소통
2366,좋아요
2367,인친해요
2368,커피
2369,커피스타그램
2370,컴포즈커피
2371,카페라떼
2372,먹스타그램
2373,인친해요
2374,소통해요
2375,좋아요
2376,맞팔
2377,컴포즈커피
2378,병원다녀오는길
2379,크로플
2380,컴포즈커피
2381,자유로운영혼
2382,딸스타그램
2383,간식
2384,먹스타그램
2385,맛스타그램
2386,육아일상
2387,육아소통
2388,빵스타그램
2389,달다구리
2390,컴포즈커피
2391,컴포즈커피
2392,옥정호수공원
2393,옥정호수공원카페
2394,옥정카페
2395,옥정카페추천
2396,옥정맛집
2397,옥정
2398,옥정신도시
2399,옥정대방노블랜드
2400,옥정와플
2401,옥정와플맛집
2402,옥정호수공원와플
2403,옥정카페배달
2404,옥정커피배달
2405,옥정와플배달
2406,산정
2407,명랑핫도그
2408,컴포즈커피
2409,교촌
2410,양산커피
2411,카페
2412,컴포즈커피
2413,커피스타그램
2414,컴포즈커피신주점
2415,아아
2416,체리오레오쉐이크
2417,컴포즈커피
2418,돌체라떼아이스
2419,컴포즈커피인천신현점
2420,컴포즈커피
2421,셀프주문
2422,키오스크설치
2423,커피맛집
2424,포스
2425,카드단말기
2426,프랜차이즈
2427,키오스크
2428,무인주문
2429,NFC
2430,비접촉
2431,카드결제
2432,외식전문
2433,24시간
2434,연중무휴
2435,관리서비스
2436,전국관리
2437,콜센터
2438,15443640
2439,식당창업
2440,창업준비
2441,대박아이템
2442,골프존
2443,스골
2444,스크린골프
2445,소풍
2446,연습장
2447,골린이
2448,골프병아리
2449,빠게트
2450,커피
2451,커피만3잔째
2452,벤티사이즈
2453,컴포즈커피
2454,리터커피
2455,밤에잠은다잤네
2456,포항맘
2457,문덕맘
2458,한탄강cc
2459,근처도안가야지
2460,최악
2461,안맞네
2462,그와중에드라이버
2463,비거리
2464,220나와봄
2465,오늘
2466,즐점
2467,좋은사람들
2468,명지국제신도시
2469,상상짬뽕
2470,컴포즈커피
2471,아아
2472,화이팅
2473,부산간판잘하는집
2474,부산간판잘하는곳
2475,보물상자
2476,소통해요
2477,광고의모든것
2478,감사합니다
2479,컴포즈커피
2480,컴포즈
2481,1주년
2482,꿀백설기
2483,낮술한잔
2484,아이스아메리카노
2485,우리동네
2486,컴포즈신호점
2487,컴포즈커피신호동
2488,컴포즈문덕점
2489,외출
2490,날씨좋다
2491,컴포즈커피
2492,원주
2493,원주맛집
2494,무실동맛집
2495,혁신도시맛집
2496,돈가스맛집
2497,치즈돈까스
2498,돈방
2499,워킹맘
2500,내일부턴
2501,일찍출근하기
2502,식후커피
2503,원주카페
2504,무실동카페
2505,혁신도시카페
2506,컴포즈커피
2507,가성비맛집
2508,즐거운회사생활
2509,꾸미는엄마
2510,꿈있는엄마
2511,코웨이
2512,코웨이정팀장
2513,함께하실분
2514,채용문의
2515,제품문의
2516,소통환영
2517,선팔맞팔
2518,일상소통
2519,소통해요
2520,워킹맘소통
2521,팔로우반사
2522,크로플
2523,컴포즈커피
2524,아이스아메리카노
2525,소통
2526,소통해요
2527,다방커피
2528,카라멜마끼야또
2529,컴포즈커피
2530,아이스아메리카노
2531,커피스타그램
2532,커피배달
2533,시원한커피한잔
2534,시댁가는길
2535,시댁이코앞이라
2536,내가직접배달
2537,먹스타그램
2538,맛스타그램
2539,커피스타그램
2540,쿠키쉐이크
2541,로투스쉐이크
2542,로투스
2543,컴포즈커피
2544,컴포즈커피
2545,composecoffee
2546,광주운남삼성점
2547,오픈
2548,아메리카노
2549,행사
2550,천원
2551,원두그램
2552,커피그램
2553,로스팅
2554,그라인더
2555,커피머신
2556,프랜차이즈
2557,창업
2558,광주커피
2559,커피
2560,입점
2561,sns강의
2562,sns홍보
2563,sns교육
2564,광주인스타
2565,운남동
2566,운남동커피
2567,광주커피
2568,theventi
2569,megacoffee
2570,composecoffee
2571,paikscoffee
2572,bulkcoffee
2573,메가커피
2574,빽다방
2575,더벤티
2576,컴포즈커피
2577,coffee
2578,coffeshop
2579,coffeelover
2580,coffeeaholic
2581,coffeeshenanigans
2582,coffeeforlife
2583,koffie
2584,instagood
2585,instacoffee
2586,cafe
2587,cake
2588,cafelife
2589,explorecafes
2590,한국
2591,커피
2592,커피숍
2593,케이크
2594,인스타그램
2595,크로플
2596,컴포즈커피
2597,수요일
2598,수면부족
2599,카페인보충
2600,컴포즈커피
2601,대용량커피
2602,따바라
2603,바닐라라떼
2604,가성비갑
2605,배부름주의
2606,왜아직도수욜
2607,직장인
2608,직장맘
2609,싱글
2610,싱글맘
2611,싱글스타그램
2612,치과가는길
2613,천둥번개
2614,왠말이냐
2615,우산없는데
2616,화딱질남
2617,컴포즈커피
2618,컴포즈메론스무디
2619,맞팔
2620,선팔
2621,소통해요
2622,컴포즈커피
2623,컴포즈커피
2624,가성비갑커피
2625,메론라떼맛집
2626,제이엠커피컴퍼니
2627,세계최고기술력
2628,프리미엄커피
2629,프리미엄우유
2630,컴포즈커피
2631,키오스크설치
2632,포스
2633,티페이포스
2634,비대면주문
2635,픽업서비스
2636,컴포즈커피월곡점
2637,내돈내산
2638,요즘같은
2639,시국에
2640,잘되시길
2641,바래요
2642,한달간오픈기념
2643,아메리카노1000원
2644,아침에아아한잔
2645,오늘도화이팅
2646,잠설쳐서
2647,피곤
2648,수요일아침
2649,당충전
2650,시럽많이
2651,컴포즈커피
2652,가성비짱
2653,진하고좋그만
2654,고품질대용량커피
2655,컴포즈커피
2656,국민커피
2657,한잔하게
2658,600호돌파
2659,jm커피컴퍼니
2660,컴포즈커피시흥배곧도서관점
2661,고품질대용량커피
2662,컴포즈커피
2663,가성비커피
2664,배곧도서관
2665,배곧고
2666,배곧자전거
2667,컴포즈커피시흥배곧도서관점
2668,컴포즈커피시흥배곧도서관점
2669,화이팅
2670,만수동카페
2671,향촌주공앞
2672,컴포즈커피
2673,크로플
2674,컴포즈커피
2675,여기는다맛있음
2676,테이크아웃
2677,나이스오더
2678,픽업
2679,일상그램
2680,빵스타그램
2681,먹스타그램
2682,불소반푸드
2683,반조리식품전문
2684,캠핑에필수
2685,불소반쭈꾸미
2686,불소반목살
2687,집콕필수템
2688,쭈꾸미맛집
2689,컴포즈커피
2690,쿠키쉐이크
2691,컴포즈
2692,compose
2693,coffee
2694,직장인점심
2695,점심메뉴
2696,샌드위치
2697,흑당밀크
2698,포장음식
2699,코로나풍경
2700,투썸샌드위치
2701,컴포즈커피
2702,흑당밀크라떼
2703,컴포즈커피
2704,컴포즈커피발산점
2705,컴포즈커피
2706,셀프주문
2707,키오스크설치
2708,커피맛집
2709,포스
2710,카드단말기
2711,프랜차이즈
2712,키오스크
2713,무인주문
2714,NFC
2715,비접촉
2716,카드결제
2717,외식전문
2718,24시간
2719,연중무휴
2720,관리서비스
2721,전국관리
2722,콜센터
2723,15443640
2724,식당창업
2725,창업준비
2726,대박아이템
2727,컴포즈커피
2728,컴포즈광주
2729,운남동카페
2730,운남맛집
2731,광주카페
2732,얼죽아
2733,가성비맛집
2734,카페추천
2735,운남삼성
2736,아바라
2737,돌체라떼
2738,와플맛집
2739,옛날와플
2740,김해
2741,내외동
2742,커피
2743,컴포즈커피
2744,출근길
2745,테이크아웃
2746,컴포즈커피동암점
2747,컴포즈커피
2748,셀프주문
2749,커피제안
2750,키오스크설치
2751,포스
2752,카드단말기
2753,프랜차이즈
2754,키오스크
2755,무인주문
2756,NFC
2757,비접촉
2758,카드결제
2759,외식전문
2760,24시간
2761,연중무휴
2762,관리서비스
2763,전국관리
2764,콜센터
2765,15443640
2766,식당창업
2767,창업준비
2768,대박아이템
2769,컴포즈커피
2770,위례지웰타워점
2771,메뉴보드tv
2772,DID
2773,사이니지
2774,카멜40인치
2775,천정형설치
2776,컴포즈커피
2777,컴포즈커피
2778,옥정호수공원
2779,옥정호수공원카페
2780,옥정카페
2781,옥정카페추천
2782,옥정맛집
2783,옥정
2784,옥정신도시
2785,옥정대방노블랜드
2786,옥정와플
2787,옥정와플맛집
2788,옥정호수공원와플
2789,옥정카페배달
2790,옥정커피배달
2791,옥정와플배달
2792,2020년도
2793,9월8일
2794,화요일
2795,부천시소사구
2796,부천시
2797,우리집나의방
2798,우리집
2799,나의방구석
2800,나의방
2801,검정마스크
2802,미세먼지정보
2803,초미세먼지보통인날
2804,뿔테안경
2805,바가지머리
2806,일상스타그램
2807,일상
2808,무표정그램
2809,여름
2810,COMPOSE
2811,컴포즈커피
2812,아이스아메리카노
2813,모닝커피한잔
2814,너무좋고
2815,직장일터
2816,코로나19이겨냅시다
2817,생활속거리두기
2818,9월
2819,선선한날씨
2820,가을날씨
2821,청년다방
2822,컴포즈커피
2823,디엠
2824,오오티디
2825,likes
2826,instagram
2827,instagood
2828,selfie
2829,daily
2830,dailylook
2831,grammer
2832,ulzzang
2833,fashion
2834,ootd
2835,inspo
2836,style
2837,likeforlikes
2838,follow4like
2839,l4l
2840,컴포즈커피
2841,수원영통아이파크점
2842,메뉴보드tv
2843,카멜40인치
2844,천정형설치
2845,컴포즈커피
2846,쿠키앤초코프라페
2847,takeout
2848,쿠앤크프라페
2849,쿠키앤크림프라페
2850,원주컴포즈커피
2851,컴포즈커피원주반곡점
2852,먹방
2853,먹스타그램
2854,먹스타시작
2855,먹스타그램꿈나무
2856,음식
2857,음식사진
2858,음식스타그램
2859,food
2860,foodstagram
2861,맛스타그램
2862,맛스터
2863,맛스타그램
2864,선팔
2865,선팔하면맞팔가요
2866,먹팔환영
2867,먹팔해요
2868,먹팔맞팔
2869,소통
2870,소통해요
2871,소통스타그램
2872,20200907
2873,진주
2874,경상대
2875,일상
2876,소통
2877,돼일리
2878,먹스타그램
2879,맛스타그램
2880,진주카페
2881,경상대카페
2882,컴포즈커피
2883,카페
2884,커피
2885,cafe
2886,coffee
2887,카페모카
2888,JMT
2889,선팔
2890,맞팔
2891,팔로우
2892,먹팔
2893,follow
2894,f4f
2895,follow4follow
2896,하영먹스타
2897,하영먹스타
2898,윤주부네
2899,제사가있어요
2900,튀김하면서
2901,커피마시기
2902,양산커피
2903,카페
2904,컴포즈커피
2905,커피스타그램
2906,컴포즈커피신주점
2907,힐링되는시간
2908,컴포즈커피
2909,바닐라라떼
2910,composecoffee
2911,아바라
2912,컴포즈커피
2913,5
2914,비잉샵
2915,일본직수입
2916,인테리어소품
2917,데꼴
2918,decole
2919,decoleconcombre
2920,concombre
2921,카페인테리어
2922,카페소품
2923,컴포즈커피
2924,컴포즈커피이수중앙점
2925,하이선
2926,컴포즈문덕점
2927,컴포즈커피
2928,북문놀이터
2929,태풍오지마
2930,composecoffee
2931,composecoffee
2932,태풍은지나갔다
2933,바람부는제주도
2934,하이선태풍
2935,태풍잘가라
2936,컴포즈커피
2937,컴포즈커피
2938,옥정호수공원
2939,옥정호수공원카페
2940,옥정카페
2941,옥정카페추천
2942,옥정맛집
2943,옥정
2944,옥정신도시
2945,옥정대방노블랜드
2946,옥정와플
2947,옥정와플맛집
2948,옥정호수공원와플
2949,옥정카페배달
2950,옥정커피배달
2951,옥정와플배달
2952,일상
2953,수염
2954,표현
2955,휴지
2956,카페
2957,컴포즈커피
2958,커플
2959,00년생커플
2960,럽스타그램
2961,일상인스타그램
2962,인스타그램
2963,셀스타그램
2964,수염스타그램
2965,마스크
2966,필수
2967,357일
2968,사랑해
2969,선팔환영
2970,팔로우미
2971,좋아요꾹꾹
2972,허니콤보먹고싶다
2973,컴포즈커피
2974,와플
2975,관악구청
2976,컴포즈커피관악구청점
2977,컴포즈커피
2978,소토닉
2979,우리집이술집이다그램
2980,해조횟집
2981,당충전이필요해
2982,컴포즈커피
2983,팥절미쉐이크
2984,컴포즈커피
2985,양주카페
2986,옥정카페
2987,옥정호수공원
2988,카페투어
2989,테이크아웃
2990,공원카페
2991,주일오후
2992,온라인예배후
2993,알리니랑
2994,산책
2995,신난알린
2996,푸들
2997,알린
2998,흐린날
2999,비도오고
3000,태풍전
3001,하이선
3002,잠잠히지나가길
3003,착한가게
3004,릴레이
3005,동참
3006,나눔
3007,실천
3008,착한가게
3009,컴포즈커피
3010,온양
3011,소개
3012,울산
3013,울주군
3014,온양읍
3015,대안리
3016,아동병원
3017,월드프렌즈
3018,worldfriends79
3019,착한가게
3020,소개
3021,후원
3022,기부
3023,컴포즈커피
3024,마루단팥죽
3025,송정동핫도그
3026,컴포즈커피
3027,흑당라떼
3028,1킬로는쪄도괜찮아
3029,암요암요그렇구말구요
3030,컴포즈커피
3031,컴포즈커피무실점
3032,자바칩프라푸치노
3033,인형귀엽
3034,컴포즈커피
3035,커피맛집
3036,상남동카페
3037,컴포즈
3038,창원온천점
3039,찾아주셔서감사합니다
3040,주말공휴일
3041,8시마감
3042,평일
3043,10시마감
3044,일상
3045,데일리그램
3046,심플
3047,일상스타그램
3048,맘스타그램
3049,부산맘
3050,창원맘
3051,김해맘
3052,아들스타그램
3053,주부스타그램
3054,살림스타그램
3055,홈스타그램
3056,집콕
3057,기분좋은
3058,컴포즈커피
3059,반도
3060,태풍
3061,좀비
3062,홈영화관
3063,교촌신화
3064,매콤하게
3065,마요덮밥
3066,컴포즈커피
3067,투게더아이스크림
3068,강동원
3069,주말일상
3070,소확행
3071,컴포즈커피
3072,컴포즈커피
3073,컴포즈커피추천
3074,와플
3075,팥절미쉐이크
3076,생크림와플
3077,블루레몬에이드
3078,블루베리요거트
3079,리얼초코자바칩프라페
3080,그린티프라페
3081,체리오레오쉐이크
3082,카페추천
3083,좋반
3084,팔로우
3085,맞팔
3086,컴포즈커피
3087,컴포즈커피
3088,옥정호수공원
3089,옥정호수공원카페
3090,옥정카페
3091,옥정카페추천
3092,옥정맛집
3093,옥정
3094,옥정신도시
3095,옥정대방노블랜드
3096,옥정와플
3097,옥정와플맛집
3098,옥정호수공원와플
3099,옥정카페배달
3100,옥정커피배달
3101,옥정와플배달
3102,커피
3103,coffee
3104,커피스타그램
3105,coffeestargram
3106,디저트
3107,dessert
3108,디저트그램
3109,dessertgram
3110,커피콤보
3111,coffeecombo
3112,모닝콤보
3113,morningcombo
3114,컴포즈커피
3115,composecoffee
3116,카페라떼
3117,caffelatte
3118,아이스카페라떼
3119,icecaffelatte
3120,맥도날드
3121,mcdonalds
3122,치즈버거
3123,cheeseburger
3124,컴포즈커피
3125,팥절미쉐이크
3126,팥빙수
3127,먹스타그램
3128,맛스타그램
3129,빙수스타그램
3130,커피스타그램
3131,카페
3132,커피
3133,빙수
3134,먹팔
3135,먹방
3136,일상
3137,점심
3138,간식
3139,소통
3140,댓글
3141,일요일
3142,좋아요
3143,컴포즈커피
3144,컴포즈커피사월역점
3145,대구카페
3146,수성구카페
3147,시지카페
3148,경산카페
3149,와플맛집
3150,사월역카페
3151,사월역맛집
3152,컴포즈커피와플
3153,플레이모빌우주비행사
3154,플레이모빌
3155,플레이모빌9448
3156,플레이모빌
3157,플레이모빌미스테리피규어
3158,플모
3159,플모스타그램
3160,playmobil
3161,컴포즈커피
3162,커피
3163,coffee
3164,cafe
3165,카페스타그램
3166,인스타그램
3167,셀
3168,셀끼꾼
3169,셀스타그램
3170,데일리
3171,컴포즈커피
3172,컴포즈커피초읍연지점
3173,가성비
3174,가성비갑
3175,부산
3176,부산진구
3177,서면
3178,시민공원
3179,어린이대공원
3180,삼광사
3181,세동한신아파트
3182,연지메디컬센터
3183,초읍연지점
3184,개금
3185,당감동
3186,부암동
3187,전포
3188,아메리카노
3189,시즌메뉴
3190,와플
3191,일상
3192,일상그램
3193,좋아요
3194,소통
3195,선팔맞팔
3196,커피
3197,훈련병
3198,김집사
3199,커피가성비
3200,컴포즈커피
3201,일상스타그램
3202,컴포즈커피
3203,돌체라떼원샷
3204,카페소통
3205,카페인중독
3206,커피땡길시간
3207,커피땡길시간
3208,커피는사랑입니다
3209,커피한잔
3210,선팔맞팔
3211,선팔하면맞팔
3212,맞팔좋아요
3213,맞팔원츄
3214,맞팔해요
3215,더바더
3216,더바더부업
3217,인스타부업
3218,컴포즈커피
3219,돌체라떼원샷
3220,카페소통
3221,카페인중독
3222,커피땡길시간
3223,커피땡길시간
3224,커피는사랑입니다
3225,커피한잔
3226,선팔맞팔
3227,선팔하면맞팔
3228,맞팔좋아요
3229,맞팔원츄
3230,맞팔해요
3231,더바더
3232,더바더부업
3233,인스타부업
3234,컴포즈커피
3235,돌체라떼원샷
3236,카페소통
3237,카페인중독
3238,커피땡길시간
3239,커피땡길시간
3240,커피는사랑입니다
3241,커피한잔
3242,선팔맞팔
3243,선팔하면맞팔
3244,맞팔좋아요
3245,맞팔원츄
3246,맞팔해요
3247,더바더
3248,더바더부업
3249,인스타부업
3250,통영카페
3251,컴포즈커피
3252,돌체라떼
3253,팥절미쉐이크
3254,컴포즈커피
3255,컴포즈커피w스퀘어
3256,커피스타그램
3257,카페스타그램
3258,w스퀘어
3259,부산핫플
3260,부산맘
3261,젊줌마
3262,줌마그램
3263,등산후식당
3264,열무국수
3265,고기먹으러예약
3266,음료수이벤트
3267,컴포즈커피
3268,난아아
3269,아이스아메리카노
3270,아
3271,friends
3272,f4f
3273,치팅데이
3274,top마트신평점
3275,오랫만에신랑이랑마트나들이
3276,고기사러가야지
3277,우리는공복상태
3278,칠리새우
3279,닭꼬지
3280,송편
3281,유부초밥
3282,컴포즈커피
3283,아이스아메리카노
3284,스탬프19개찍었다
3285,냠냠냠
3286,다먹어치움
3287,컴포즈커피
3288,초코라떼
3289,컴포즈커피
3290,컴포즈
3291,홍차
3292,얼그레이
3293,따뜻한거
3294,자바칩프라푸치노
3295,그린티프라푸치노
3296,내꺼
3297,녹차
3298,존맛탱구리
3299,밀크티
3300,컴포즈커피
3301,cafe
3302,coffee
3303,milktea
3304,로얄밀크티
3305,맛집
3306,카페추천
3307,내돈내산
3308,좋아요반사
3309,맞팔
3310,선팔하면맞팔
3311,gutentag
3312,followme
3313,KAI
3314,KAI
3315,컴포즈커피
3316,창원온천점
3317,스무디
3318,초코라떼
3319,오랜만보니
3320,또갈께요
3321,오늘도
3322,컴포즈커피
3323,갈산동
3324,composecoffee
3325,나홀로커피숍
3326,smart8
3327,딜리썸
3328,컴포즈커피
3329,선팔하면맞팔
3330,인천
3331,카페
3332,인스타그램
3333,운서
3334,KAI
3335,KAI
3336,소소한김가네
3337,그루트
3338,컴포즈커피
3339,동네한바퀴
3340,prismmood
3341,dessertart
3342,display
3343,inspiration
3344,범박맘
3345,옥길맘
3346,소사맘
3347,항동맘
3348,괴안동맘
3349,컴포즈커피
3350,자몽에이드
3351,플레인요거트
3352,컴포즈커피
3353,날씨가좋아서
3354,날씨가미쳤다
3355,내돈내산
3356,일상
3357,노지캠핑
3358,슬쩍
3359,빙수맛집
3360,경상대후문
3361,컴포즈커피
3362,육퇴그램
3363,주상절리가멋진
3364,고성어딘가
3365,코베아칠갑
3366,차박인듯차박아닌듯
3367,당일치기
3368,하원시간압박
3369,길냥이성지
3370,오징어짬뽕라면
3371,지금이순간
3372,송정
3373,컴포즈커피
3374,깔롱최강
3375,피서
3376,송정서핑
3377,송정토스트
3378,커피한잔
3379,서핑
3380,여유
3381,사진찍는트레이너
3382,운동하는사진가
3383,일기
3384,불금
3385,불금스타그램
3386,주말스타그램
3387,일상스타그램
3388,운동후
3389,휴식
3390,월드프렌즈
3391,worldfriends
3392,NGO
3393,소통
3394,나눔
3395,사랑
3396,후원
3397,기부
3398,해외아동
3399,국내아동
3400,해외후원
3401,국내후원
3402,결연
3403,착한가게
3404,착한기업
3405,울산카페
3406,카페
3407,울산
3408,컴포즈커피
3409,하루
3410,두번
3411,당충천필수
3412,양산커피
3413,카페
3414,컴포즈커피
3415,커피스타그램
3416,컴포즈커피신주점
3417,컴포즈커피
3418,컴포즈커피와플
3419,컴포즈커피사월역점
3420,크로와플
3421,와플맛집
3422,대구카페
3423,시지카페
3424,신촌
3425,형제갈비
3426,갈비탕
3427,컴포즈커피
3428,오곡라떼
3429,크로와플
3430,크로플
3431,컴포즈커피
3432,컴포즈커피크로플
3433,컴포즈커피크로와플
3434,크로플기계
3435,메이플시럽
3436,가성비
3437,오늘의옴뇸뇸
3438,먹스타그램
3439,맛스타그램
3440,간식
3441,디저트
3442,소통
3443,일상
3444,신상리뷰
3445,컴포즈커피
3446,컴포즈커피
3447,옥정호수공원
3448,옥정호수공원카페
3449,옥정카페
3450,옥정카페추천
3451,옥정맛집
3452,옥정
3453,옥정신도시
3454,옥정대방노블랜드
3455,옥정와플
3456,옥정와플맛집
3457,옥정호수공원와플
3458,옥정카페배달
3459,사회적거리두기
3460,가을하늘
3461,오늘날씨최고
3462,힐링
3463,멍때리기
3464,나만의시간
3465,다산카페
3466,컴포즈커피
3467,초코자바칩프라페
3468,달달
3469,당충전완료
3470,컴포즈커피
3471,남포동
3472,서면
3473,해운대
3474,간판
3475,김해
3476,분성로
3477,컴포즈커피
3478,아이스아메리카노
3479,커피
3480,카페
3481,카페라떼
3482,coffee
3483,와플
3484,크로와상와플
3485,waffle
3486,맛스타그램
3487,먹스타그램
3488,맞팔
3489,먹팔
3490,당충전
3491,슬기로운집콕생활
3492,활력소
3493,당충전타임
3494,달달구리
3495,땡큐미마카롱
3496,컴포즈커피
3497,대박나세요
3498,컴포즈커피
3499,창원소계점
3500,금전수
3501,플로라현창원대점
3502,현대해상
3503,유병자보험전문
3504,보상청구전문
3505,불고기말이밥
3506,김치볶음햄말이밥
3507,김치볶음계란말이밥
3508,말이밥도시락
3509,파란하늘
3510,가성비갑커피
3511,컴포즈커피
3512,커피테잇아웃해출근
3513,출근한지한달반
3514,리서치회사출근
3515,잼나다
3516,갸또마마
3517,갸또마마
3518,컴포즈커피
3519,컴포즈커피
3520,메가커피
3521,todayscoffee
3522,composecoffee
3523,icecreamlatte
3524,linesally
3525,pineapplesally
3526,gongdreensiliconstraw
3527,catstraw
3528,은계지구
3529,컴포즈커피
3530,은계카페
3531,은계지구카페
3532,컴포즈커피시흥은계점
3533,컴포즈커피은계점
3534,은계카페추천
3535,시흥카페
3536,시흥카페추천
3537,시흥데이트
3538,instadaily
3539,dailypic
3540,데일리
3541,데일리그램
3542,온더테이블
3543,onthetabel
3544,daily
3545,카페그램
3546,일상스타그램
3547,일상
3548,카페투어
3549,흑당카페라떼
3550,먹스타그램
3551,맛스타그램
3552,먹방
3553,냠냠
3554,좋아요
3555,흑당
3556,흑당라떼
3557,흑당버블티
3558,티타임
3559,아메리카노
3560,고객님
3561,맛있다
3562,고맙습니다
3563,오늘도
3564,일상
3565,서면삼정타워
3566,커피
3567,서면맛집
3568,돈까스
3569,서면카페
3570,서면일번가
3571,전포카페
3572,전포동맛집
3573,서면엔씨
3574,서면네일
3575,컴포즈커피
3576,경성대카페
3577,경성대네일
3578,용호동w
3579,선팔하면맞팔
3580,9월
3581,가을
3582,하루
3583,홈트
3584,호캉스
3585,홈쿡
3586,오늘은뭐먹지
3587,핫플레이스
3588,녹차같지만녹차아님
3589,mintchocolate
3590,컴포즈커피
3591,프리커피쿠폰
3592,개이득
3593,와플칸
3594,대왕크기
3595,동네산책
3596,잡생각
3597,생각의끝을잡고
3598,아바라
3599,컴포즈커피
3600,오레오체리쉐이크
3601,컴포즈커피
3602,아바라
3603,예비엄마
3604,컴포즈커피
3605,컴포즈커피
3606,옥정호수공원
3607,옥정호수공원카페
3608,옥정카페
3609,옥정카페추천
3610,옥정맛집
3611,옥정
3612,옥정신도시
3613,옥정대방노블랜드
3614,옥정와플
3615,옥정와플맛집
3616,옥정호수공원와플
3617,첵스초코파맛
3618,오랜만의외출
3619,마트나들이
3620,사고싶은게넘많앙
3621,자제좀하쟈
3622,무겁지만즐거웠오
3623,컴포즈커피
3624,다마시썽
3625,우리파파
3626,태풍피해없길
3627,composecoffee
3628,coffee
3629,menu
3630,광주
3631,cafe
3632,award
3633,20200902
3634,컴포즈커피
3635,아이스아메리카노
3636,커피스타그램
3637,테이크아웃
3638,집콕중
3639,먹스타그램
3640,coffee
3641,menu
3642,cafe
3643,award
3644,출근스타그램
3645,출근길
3646,엘베터
3647,컴포즈
3648,semas
3649,포항중앙상가
3650,포항
3651,컴포즈커피
3652,컴포즈커피상원점
3653,커피
3654,쿠키
3655,커피맛집
3656,커피
3657,coffee
3658,커피스타그램
3659,coffeestargram
3660,디저트
3661,dessert
3662,디저트그램
3663,dessertgram
3664,커피콤보
3665,coffeecombo
3666,모닝콤보
3667,morningcombo
3668,컴포즈커피
3669,composecoffee
3670,카페라떼
3671,caffelatte
3672,아이스카페라떼
3673,icecaffelatte
3674,서브웨이
3675,subway
3676,서브웨이스타그램
3677,subwaystargram
3678,샌드위치
3679,sandwich
3680,샌드위치스타그램
3681,sandwichstargram
3682,컴포즈커피
3683,컴포즈커피
3684,옥정호수공원
3685,옥정호수공원카페
3686,옥정카페
3687,옥정카페추천
3688,옥정맛집
3689,옥정
3690,옥정신도시
3691,옥정대방노블랜드
3692,옥정와플
3693,옥정와플맛집
3694,옥정호수공원와플
3695,옥정카페배달
3696,옥정커피배달
3697,애플
3698,애플워치
3699,이뿌다
3700,운정
3701,컴포즈커피
3702,코로나
3703,그만좀
3704,흑당라떼
3705,컴포즈커피
3706,노플라스틱
3707,컴포즈커피
3708,운서역카페
3709,산딸기맛
3710,오픈
3711,1주년
3712,벌써일년
3713,앞으로도많이찾아주세용
3714,착한떡
3715,1음료1떡
3716,감사인사
3717,뿌듯
3718,앞으로도번창기원
3719,컴포즈커피
3720,낙민점
3721,컴포즈커피낙민점
3722,부산
3723,중국집
3724,미미루
3725,컴포즈커피
3726,온천장
3727,월요일
3728,코로나
3729,사회적거리두기
3730,카페
3731,친구
3732,나홀로
3733,아이스아메리카노
3734,파리바게트
3735,불월
3736,우한폐렴
3737,covid19
3738,아아
3739,혼커
3740,커피
3741,컴포즈커피
3742,아메리카노
3743,아이스커피
3744,소통
3745,선팔
3746,맞팔
3747,컴포즈
3748,소소한일상을쓰는윤빛캘리
3749,윤빛캘리
3750,윤빛
3751,윤빛캘리마산
3752,마산윤빛캘리
3753,younbitcalli
3754,윤빛캘리하다
3755,윤빛캘리기증하다
3756,윤빛이쓴캘리
3757,캘리그라피
3758,나은공방
3759,캘리를애정하는나
3760,컴포즈커피
3761,컴포즈해운점
3762,매장안에티켓
3763,매장안1인1커피주문해주세요
3764,마산댓거리커피맛있는집
3765,아이스아메리카노
3766,샷추가강추
3767,나유니가좋아하는커피
3768,모두모두힘내고
3769,건행합시다
3770,은계지구
3771,컴포즈커피
3772,은계카페
3773,은계지구카페
3774,컴포즈커피시흥은계점
3775,컴포즈커피은계점
3776,은계카페추천
3777,시흥카페
3778,시흥카페추천
3779,시흥데이트
3780,instadaily
3781,dailypic
3782,데일리
3783,데일리그램
3784,온더테이블
3785,onthetabel
3786,daily
3787,카페그램
3788,일상스타그램
3789,일상
3790,카페투어
3791,자몽허니블랙티
3792,먹스타그램
3793,맛스타그램
3794,먹방
3795,냠냠
3796,좋아요
3797,자허블
3798,향촌
3799,컴포즈커피
3800,오늘
3801,코로나야
3802,화산석
3803,현무암
3804,현무암타일
3805,컴포즈커피
3806,composecoffee
3807,고양서정마을
3808,서정마을카페
3809,cafe
3810,interior
3811,tile
3812,tiler
3813,타일시공
3814,타일
3815,타일러
3816,타일공
3817,카페인테리어
3818,호랑이콩
3819,밤콩
3820,컴포즈커피
3821,컴포즈커피
3822,옥정호수공원
3823,옥정호수공원카페
3824,옥정카페
3825,옥정카페추천
3826,옥정맛집
3827,옥정
3828,옥정신도시
3829,옥정대방노블랜드
3830,옥정와플
3831,옥정와플맛집
3832,옥정호수공원와플
3833,반가워
3834,모닝커피
3835,율아
3836,울꽁또도방가
3837,컴포즈커피
3838,컴포즈커피
3839,카페인부족
3840,라떼사랑
3841,홍대개미신촌점
3842,큐브스테이크덮밥
3843,컴포즈커피
3844,민트초코오레오라떼
3845,새벽세시
3846,취침
3847,네시간자고
3848,월요일시작
3849,나의생명수
3850,바닐라라떼
3851,아이스바닐라라떼
3852,컴포즈
3853,컴포즈엄궁점
3854,컴포즈커피
3855,커피테이크아웃
3856,친구찬스
3857,고마워친구야
3858,힘내라고준선물
3859,내가더고마워
3860,카페음악
3861,컴포즈커피
3862,아이스아메리카노
3863,음악감상스타그램
3864,먹어봤니
3865,마왕버거
3866,앵그리딥치즈버거
3867,앵그리비프버거
3868,컴포즈커피
3869,와플
3870,페레로로쉐
3871,팔도비빔면
3872,삼겹살
3873,8월30일
3874,8월31일
3875,아무리생각해도
3876,하길잘했어
3877,비대면모바일주문
3878,픽업만하세요나머지는제가다할께요
3879,7잔드시면1500원할인
3880,1등급프리미엄우유만사용
3881,테이크아웃전메뉴1000원할인
3882,쿠팡이츠
3883,카페맛집
3884,나이스오더
3885,와플맛집
3886,마곡나루
3887,마곡지구
3888,마곡나루맛집
3889,마곡나루카페
3890,서울식물원
3891,마곡나루맛집추천
3892,마곡나루카페추천
3893,서울식물원카페추천
3894,강서구카페
3895,강서구맛집
3896,카페스타그램
3897,먹스타그램
3898,커피스타그램
3899,컴포즈커피
3900,컴포즈커피마곡나루점
3901,소년희망공장2호점
3902,넥센중앙연구소
3903,더넥센유니버시티
3904,롯데중앙연구소
3905,오토닉스
3906,젬블로
3907,타임지공부
3908,월요일
3909,쉴수없다
3910,매일매일
3911,답이다
3912,ConsistencyIsKey
3913,컴포즈커피
3914,아아메
3915,텀블러
3916,크로와플
3917,공원데이트
3918,SpiritMate
3919,즐겁다그램
3920,컴포즈커피
3921,컴포즈커피
3922,옥정호수공원
3923,옥정호수공원카페
3924,옥정카페
3925,옥정카페추천
3926,옥정맛집
3927,옥정
3928,옥정신도시
3929,옥정대방노블랜드
3930,옥정와플
3931,옥정와플맛집
3932,옥정호수공원와플
3933,컴포즈커피
3934,그대라는사치
3935,컴포즈커피
3936,뜨아
3937,행복스타그램
3938,나방의꿈
3939,나비로살고싶어
3940,컴포즈커피
3941,composecoffee
3942,컴포즈커피시흥배곧도서관점
3943,시흥카페
3944,배곧도서관
3945,컴포즈커피고양서정마을
3946,cafe
3947,고양카페
3948,서정마을카페
3949,타일시공
3950,타일
3951,tiler
3952,tile
3953,꿀
3954,honey
3955,interior
3956,카페인테리어
3957,인테리어
3958,자연친화적
3959,타일공
3960,컴포즈쉐이크
3961,컴포즈커피
3962,쉐이크
3963,오레오체리쉐이크
3964,체리
3965,오레오
3966,부산
3967,동래
3968,동래맛집
3969,출입자명부작성
3970,QR또는수기작성
3971,컴포즈커피마곡나루점
3972,7잔드시면1500원할인
3973,1등급프리미엄우유만사용
3974,테이크아웃전메뉴1000원할인
3975,쿠팡이츠
3976,카페맛집
3977,에디오피아
3978,와플맛집
3979,마곡나루
3980,마곡지구
3981,마곡나루맛집
3982,마곡나루카페
3983,서울식물원
3984,마곡나루맛집추천
3985,마곡나루카페추천
3986,서울식물원카페추천
3987,강서구카페
3988,강서구맛집
3989,카페스타그램
3990,먹스타그램
3991,커피스타그램
3992,컴포즈커피
3993,컴포즈커피마곡나루점
3994,소년희망공장2호점
3995,넥센중앙연구소
3996,더넥센유니버시티
3997,롯데중앙연구소
3998,오토닉스
3999,테이크아웃전문매장
4000,컴포즈커피마곡나루점
4001,7잔드시면1500원할인
4002,1등급프리미엄우유만사용
4003,테이크아웃전메뉴1000원할인
4004,쿠팡이츠
4005,카페맛집
4006,에디오피아
4007,와플맛집
4008,마곡나루
4009,마곡지구
4010,마곡나루맛집
4011,마곡나루카페
4012,서울식물원
4013,마곡나루맛집추천
4014,마곡나루카페추천
4015,서울식물원카페추천
4016,강서구카페
4017,강서구맛집
4018,카페스타그램
4019,먹스타그램
4020,커피스타그램
4021,컴포즈커피
4022,컴포즈커피마곡나루점
4023,소년희망공장2호점
4024,넥센중앙연구소
4025,더넥센유니버시티
4026,롯데중앙연구소
4027,오토닉스
4028,아이스바닐라라떼
4029,아바라
4030,컴포즈커피
4031,vanilalatte
4032,chocolatte
4033,아이스초코라떼
4034,composecoffee
4035,fooddaa
4036,오늘은
4037,컴포즈커피
4038,takeout
4039,방콕
4040,컴포즈커피
4041,기흥구청점
4042,크로플맛집
4043,이런맛있는생크림처음이야
4044,주말
4045,코로나19
4046,홈시어터
4047,홈캉스
4048,집콕
4049,영화관람
4050,강철비
4051,컴포즈커피
4052,버터구이오징어
4053,홈스타그램
4054,맛스타그램
4055,먹방스타그램
4056,일상
4057,Daily
4058,소통
4059,좋아요
4060,맞팔
4061,부부스타그램
4062,배달음료
4063,와플
4064,블루베리요거트스무디
4065,망고요거트스무디
4066,밀크티
4067,컴포즈커피
4068,COMPOSE
4069,cafe
4070,coffee
4071,카페추천
4072,디저트
4073,먹방
4074,일상
4075,dessert
4076,후식
4077,힐링
4078,여유
4079,takeout
4080,방콕
4081,집콕
4082,코로나19
4083,8월27일
4084,뒷북오져
4085,너무늦게올림
4086,가니랑데이트
4087,명륜진사갈비
4088,고기굽기달인
4089,얌갱
4090,하트양파
4091,공차
4092,가혀니10300원
4093,컴포즈커피
4094,크로플
4095,가니가사줌
4096,한개는탄거아니냐
4097,사랑해
4098,다음에또이렇게놀자
4099,재밌었엉
4100,다음에는제대로
4101,술도마시자
4102,오늘
4103,daily
4104,컴포즈커피
4105,컴포즈커피
4106,옥정호수공원
4107,옥정호수공원카페
4108,옥정카페
4109,옥정카페추천
4110,옥정맛집
4111,옥정
4112,옥정신도시
4113,옥정대방노블랜드
4114,옥정와플
4115,옥정와플맛집
4116,옥정호수공원와플
4117,체리오레오쉐이크
4118,컴포즈커피마곡나루점
4119,7잔드시면1500원할인
4120,1등급프리미엄우유만사용
4121,테이크아웃전메뉴1000원할인
4122,쿠팡이츠
4123,카페맛집
4124,에디오피아
4125,와플맛집
4126,마곡나루
4127,마곡지구
4128,마곡나루맛집
4129,마곡나루카페
4130,서울식물원
4131,마곡나루맛집추천
4132,마곡나루카페추천
4133,서울식물원카페추천
4134,강서구카페
4135,강서구맛집
4136,카페스타그램
4137,먹스타그램
4138,커피스타그램
4139,컴포즈커피
4140,컴포즈커피마곡나루점
4141,소년희망공장2호점
4142,넥센중앙연구소
4143,더넥센유니버시티
4144,롯데중앙연구소
4145,오토닉스
4146,아이스아메리카노
4147,컴포즈커피
4148,맛난당
4149,남동생라뷰
4150,아메리카노1500원
4151,KAI
4152,KAI
4153,컴포즈커피
4154,캔텀블러
4155,노랑이
4156,사회적거리두기
4157,오늘부터
4158,테이크아웃만
4159,가능합니다
4160,잘지켜서
4161,빨리
4162,종식되길
4163,코로나
4164,진짜
4165,짜증
4166,1일1아아
4167,모닝커피
4168,커피스타그램
4169,성격유형검사
4170,사업가형
4171,사교적인유형
4172,주말데이트
4173,고봉돈까스김밥
4174,매운김밥
4175,우동
4176,마스크답답해
4177,그래도필수
4178,마스크목걸이스트랩
4179,일가는거다담주로연기됨
4180,코로나새끼
4181,꺼져
4182,꿀맛
4183,컴포즈커피
4184,드라마
4185,예능보기
4186,꿀잼
4187,소통
4188,통영
4189,통영바다
4190,인평동
4191,컴포즈
4192,컴포즈커피
4193,컴포즈커피통영1호점
4194,컴포즈커피통영죽림점
4195,2020
4196,슘니
4197,3년만에만남
4198,수다떨기
4199,화목정
4200,스테이크덮밥
4201,컴포즈커피
4202,와플
4203,카페
4204,새로오픈
4205,운서역
4206,운서역카페
4207,컴포즈커피
4208,일상
4209,카페스타그램
4210,크린스킨
4211,블랙마스터
4212,니트릴장갑
4213,일립스마스크
4214,일립스
4215,elipse
4216,스탠리
4217,stanley
4218,공구
4219,공구추천
4220,내돈내산
4221,공구덕후
4222,스탠리믹서기도샀지만아직개봉안함
4223,코로나19물러가라
4224,파벽돌인테리어
4225,컴포즈커피
4226,부천옥길점
4227,타일
4228,타일시공
4229,tile
4230,interior
4231,composecoffee
4232,카페갈때
4233,텀블러
4234,챙기기
4235,빨대주지마세요
4236,컴포즈커피
4237,오레오와플
4238,맛나요
4239,포항두호점컴포즈커피
4240,친절해요
4241,지예그램
4242,컴포즈커피
4243,컴포즈커피본촌
4244,본촌동맛집
4245,본촌카페
4246,양산동맛집
4247,양산동카페
4248,아아
4249,뜨아
4250,돌체라떼
4251,더치커피
4252,아바라
4253,자바칩
4254,딸기스무디
4255,밀크쉐이크
4256,상하목잡
4257,가성비카페
4258,가성비맛집
4259,벤티사이즈
4260,컴포즈광주
4261,컴포즈커피
4262,컴포즈광주
4263,컴포즈커피운남
4264,운남동카페
4265,운남동맛집
4266,운남동네일
4267,아아
4268,얼죽아
4269,뜨아
4270,아바라
4271,돌체라떼
4272,자바칩
4273,콜드브루
4274,딸기스무디
4275,광주맛집
4276,가성비카페
4277,가성비맛집
4278,벤티사이즈
4279,크로플
4280,컴포즈커피
4281,코로나조심
4282,집콕
4283,외출자제
4284,추천메뉴
4285,블루베리후르츠라떼
4286,컴포즈커피
4287,컴포즈커피
4288,옥정호수공원
4289,옥정호수공원카페
4290,옥정카페
4291,옥정카페추천
4292,옥정맛집
4293,옥정
4294,옥정신도시
4295,옥정대방노블랜드
4296,옥정와플
4297,옥정와플맛집
4298,옥정호수공원와플
4299,공구추천
4300,하드케이스
4301,tiletool
4302,제우스레이저
4303,그린레이저
4304,레이저레벨기
4305,컴포즈커피
4306,composecoffee
4307,coffee
4308,부천카페
4309,부천옥길점
4310,tile
4311,tiling
4312,타일시공
4313,파벽돌
4314,고벽돌
4315,타일러
4316,김타일
4317,타일공
4318,인테리어
4319,interior
4320,코로나꺼져
4321,이게뭐라고
4322,예뻐보일까요
4323,콩깍지그램
4324,커피그램
4325,커피
4326,커피맛집
4327,아메리카노맛집
4328,진짜커피
4329,컴포즈
4330,컴포즈커피
4331,컴포즈커피고덕삼성점
4332,고덕커피
4333,평택카페
4334,고덕카페
4335,송탄카페
4336,평택맛집
4337,송탄맛집
4338,맞팔
4339,선팔
4340,좋아요
4341,좋반
4342,데일리
4343,좋튀
4344,instagood
4345,알바
4346,카페알바
4347,주말
4348,토요일
4349,오늘도여전히덥다
4350,커피
4351,와플
4352,배달
4353,배달의민족
4354,vip
4355,더귀한분
4356,레벨
4357,집에서
4358,커피도
4359,배달해서
4360,주말
4361,토요일
4362,족발
4363,먹고싶어
4364,이따가
4365,시켜야지
4366,점심은
4367,누룽지
4368,창란젓
4369,떡만두국
4370,배불배불
4371,일상
4372,배달맛집
4373,compose
4374,coffee
4375,컴포즈커피
4376,맛집
4377,칼국수맛집
4378,행복한
4379,컴포즈커피
4380,해운대
4381,컴포즈커피
4382,latte
4383,waffle
4384,likesforlikesback
4385,followforfollowback
4386,컴포즈달고나라떼
4387,컴포즈커피
4388,3800원의행복
4389,좋반
4390,좋아요
4391,좋아요반사
4392,맞팔
4393,선팔
4394,f4f
4395,follow4followback
4396,follow4like
4397,like4likes
4398,fff
4399,광주광역시
4400,북구본촌동
4401,커피테이크아웃
4402,문방충망
4403,쏘스윗
4404,덜렁이
4405,은근손많이감
4406,못질
4407,성공적
4408,부산커플
4409,주말데이트
4410,집데이트
4411,집밖은위험해
4412,반올림피자
4413,불고기피자
4414,꿀맛
4415,컴포즈커피
4416,테크아웃
4417,드라마보기
4418,모기장
4419,급선물
4420,고마워
4421,밤산책
4422,꿀잠자자
4423,낼은영화보자
4424,집에서다운받아보는걸로
4425,낼또봐요
4426,컴포즈커피
4427,동해천곡점
4428,자몽허니블랙티
4429,1
4430,요즘같은시기엔
4431,태이크아웃전문점
4432,동해컴포즈커피
4433,꿀맛
4434,진짜존맛탱
4435,사장님추천
4436,인기급상승중
4437,컴포즈커피
4438,밀크티
4439,헤이즐넛라떼
4440,버블티
4441,부산
4442,자취
4443,잠시쉬어가기
4444,커피
4445,컴포즈커피
4446,아이스카페라떼
4447,이마트
4448,오리바베큐슬라이스
4449,오리구이반찬
4450,김치
4451,비비고
4452,총각김치
4453,열무김치
4454,롯데리아
4455,지파이
4456,지파이고소한맛
4457,라면
4458,컵라면
4459,오뚜기
4460,진라면
4461,진라면순한맛
4462,컴포즈커피
4463,팥절미쉐이크
4464,컴포즈커피
4465,민트초코
4466,먹스타맞팔
4467,먹스타그램
4468,음료
4469,디저트
4470,컴포즈커피
4471,밀크티
4472,알바생
4473,와플맛집
4474,composecoffee
4475,dessert
4476,croffle
4477,waffle
4478,daily
4479,dailypic
4480,dailygram
4481,커피간식
4482,time
4483,timemagazine
4484,타임지
4485,영어스터디
4486,고품격
4487,모임
4488,시사주간지
4489,여인들
4490,멋지다
4491,ThePlagueElection
4492,MollyBall
4493,Daegu
4494,Korea
4495,컴포즈커피
4496,아아
4497,아이스라떼
4498,선비꼬마김밥
4499,컴포즈커피
4500,중곡동카페
4501,중곡
4502,안경
4503,안경테추천
4504,뿌염시급
4505,맞팔해용
4506,선팔하면맞팔
4507,선팔하면맞팔가요
4508,좋아요
4509,좋아요반사
4510,맞팔
4511,맞팔해요
4512,맞팔선팔환영
4513,맞팔은댓
4514,좋아요
4515,좋아요꾹
4516,좋아요꾸욱
4517,추천메뉴
4518,고구마라떼
4519,컴포즈커피
4520,컴포즈
4521,밀크티
4522,타피오카펄
4523,과일
4524,과일스무디
4525,딸기스무디
4526,펄추가
4527,딸기스무디버블티
4528,먹스타그램
4529,음료스타그램
4530,공시생
4531,공스타그램
4532,컴포즈커피
4533,컴포즈커피
4534,로투스
4535,로투스쿠키쉐이크
4536,밀크쉐이크
4537,디저트
4538,후식
4539,먹스타
4540,컴포즈
4541,창원온천점
4542,커피
4543,컴포즈커피
4544,상남동
4545,주차하기편한곳
4546,컴포즈창원온천점
4547,컴포즈커피
4548,컴포즈커피
4549,옥정호수공원
4550,옥정호수공원카페
4551,옥정카페
4552,옥정카페추천
4553,옥정맛집
4554,옥정
4555,옥정신도시
4556,옥정대방노블랜드
4557,옥정와플
4558,옥정와플맛집
4559,옥정호수공원와플
4560,금출토
4561,훔냐리
4562,스빠새끼
4563,컴포즈커피
4564,composecoffee
4565,compose
4566,coffee
4567,cafe
4568,커피
4569,iceamericano
4570,샷추가
4571,일상
4572,일상스타그램
4573,컴포즈커피
4574,자바칩프라푸치노
4575,다이어트는내일부터
4576,daily
4577,drink
4578,beverage
4579,frapuccino
4580,2020년도
4581,8월28일
4582,금요일
4583,부천시소사구
4584,부천시
4585,우리집나의방
4586,우리집
4587,나의방구석
4588,나의방
4589,검정마스크
4590,미세먼지정보
4591,초미세먼지보통인날
4592,뿔테안경
4593,바가지머리
4594,일상스타그램
4595,일상
4596,무표정그램
4597,여름
4598,COMPOSE
4599,컴포즈커피
4600,아이스아메리카노
4601,모닝커피한잔
4602,너무좋고
4603,직장일터
4604,코로나19이겨냅시다
4605,생활속거리두기
4606,8월
4607,후텁지근함날씨
4608,폭염날씨
4609,컴포즈커피
4610,컴포즈
4611,와플
4612,컴포즈커피
4613,아이스카페라떼
4614,아이스아메리카노
4615,드라이브
4616,컴포즈커피
4617,아아
4618,내맘같다
4619,겨우
4620,첫줄
4621,iceamericano
4622,composecoffee
4623,컴포즈커피
4624,아아
4625,아이스아메리카노
4626,자주가는카페
4627,coffeeshop
4628,cafe
4629,cafevibes
4630,coffeeholic
4631,dailylife
4632,데일리그램
4633,카페
4634,카페스타그램
4635,arabicacoffee
4636,커피스타그램
4637,커피그램
4638,카페투어
4639,티타임
4640,일상
4641,맞팔
4642,일상스트그램
4643,f4f
4644,handmodeling
4645,크로플
4646,와플
4647,크로와상와플
4648,크로와상
4649,와플맛집
4650,와플먹방
4651,컴포즈커피
4652,시럽
4653,시럽없으면시럽
4654,먹스타그램
4655,먹스타꿈나무
4656,먹스타
4657,빵순이
4658,빵스타그램
4659,먹방
4660,간식
4661,자취밥상그램
4662,자취스타그램
4663,좋아요
4664,공감
4665,일상
4666,저녁
4667,힐링
4668,foodgram
4669,waffle
4670,croiffle
4671,daily
4672,like
4673,homesweethome
4674,컴포즈커피
4675,커피
4676,초코
4677,먹스타맞팔
4678,먹스타그램
4679,맛있다
4680,냠냠
4681,쩝쩝
4682,확대
4683,확대사진
4684,확대음식
4685,후식
4686,퇴근후
4687,송도
4688,컴포즈커피
4689,딸기요거트스무디
4690,블루베리스무디
4691,쿠키쉐이크
4692,컴포즈커피마곡나루점
4693,7잔드시면1500원할인
4694,1등급프리미엄우유만사용
4695,테이크아웃전메뉴1000원할인
4696,쿠팡이츠
4697,카페맛집
4698,에디오피아
4699,와플맛집
4700,마곡나루
4701,마곡지구
4702,마곡나루맛집
4703,마곡나루카페
4704,서울식물원
4705,마곡나루맛집추천
4706,마곡나루카페추천
4707,서울식물원카페추천
4708,강서구카페
4709,강서구맛집
4710,카페스타그램
4711,먹스타그램
4712,커피스타그램
4713,컴포즈커피
4714,컴포즈커피마곡나루점
4715,소년희망공장2호점
4716,넥센중앙연구소
4717,더넥센유니버시티
4718,롯데중앙연구소
4719,오토닉스
4720,컴포즈커피
4721,컴포즈염창
4722,수혈중
4723,수혈커피
4724,사이즈딱좋아
4725,샷추가
4726,염창역맛집
4727,커피맛집
4728,오산
4729,카페
4730,컴포즈커피
4731,아아
4732,아메리카노
4733,출근
4734,숨돌씀
4735,포메
4736,처키
4737,강아지
4738,개
4739,복날
4740,영림
4741,르네셀
4742,다비옥스
4743,메가이뮨
4744,컴포즈커피
4745,양산
4746,서창
4747,대한민국
4748,애견
4749,악세사리
4750,예뻐
4751,여성복
4752,히비스커스
4753,컴포즈커피
4754,커피참자
4755,추천메뉴
4756,돌체라떼
4757,목요일
4758,모닝커피
4759,출근길
4760,천원의행복
4761,컴포즈커피
4762,코로나물러가라제발
4763,2020년도
4764,8월27일
4765,목요일
4766,부천시소사구
4767,부천시
4768,우리집나의방
4769,우리집
4770,나의방구석
4771,나의방
4772,검정마스크
4773,미세먼지정보
4774,초미세먼지보통인날
4775,뿔테안경
4776,바가지머리
4777,일상스타그램
4778,일상
4779,무표정그램
4780,여름
4781,COMPOSE
4782,컴포즈커피
4783,아이스아메리카노
4784,모닝커피한잔
4785,너무좋고
4786,직장일터
4787,코로나19이겨냅시다
4788,생활속거리두기
4789,8월
4790,후텁지근함날씨
4791,폭염날씨
4792,태풍바비
4793,컴포즈커피
4794,1일
4795,1컴포즈
4796,스틱케이크모형
4797,ComposeCoffee
4798,컴포즈커피
4799,아아
4800,아이스아메리카노
4801,자주가는카페
4802,coffeeshop
4803,cafe
4804,cafevibes
4805,coffeeholic
4806,coffeestagram
4807,cafehopping
4808,dailylife
4809,데일리그램
4810,카페
4811,카페스타그램
4812,커피스타그램
4813,커피그램
4814,카페투어
4815,티타임
4816,일상
4817,일상스트그램
4818,f4f
4819,selfcare
4820,컴포즈커피
4821,창원
4822,팔용점
4823,아이스티
4824,달달구리
4825,시원
4826,카페짱
4827,시간때우기
4828,와플
4829,오레오와플
4830,맛있노
4831,또가야디
4832,컴포즈커피
4833,팥절미쉐이크
4834,광주자매
4835,컴포즈커피
4836,광주카페
4837,광주자매
4838,컴포즈커피
4839,와플
4840,수요일
4841,일상
4842,코로나미워
4843,집콕
4844,배달커피
4845,오늘의커피
4846,컴포즈커피
4847,맥주아님
4848,돌체라떼
4849,블루베리요거트스무디
4850,와플
4851,스틱케이크
4852,마카롱
4853,청개구리띠
4854,원주는오늘100번째확진자나옴
4855,확진자와확찐자
4856,태풍바비를
4857,감동이야
4858,마음이가
4859,행복스타그램
4860,마리지안
4861,여행스타그램
4862,운동하는여자
4863,노력하는여자
4864,코로나19
4865,코로나물러가라
4866,먹방하는여자
4867,커피파는여자
4868,카페
4869,셀피
4870,셀카
4871,오오티디
4872,지금은내가알바
4873,창원마산
4874,먹스타그램
4875,어반브릭스
4876,컴포즈커피
4877,유니시티3단지
4878,컴포즈커피
4879,천호역
4880,컴포즈커피
4881,아이스바닐라라떼
4882,퇴근길
4883,강의
4884,강사
4885,일상
4886,동탄나루상가
4887,컴포즈커피
4888,동탄컴포즈커피
4889,컴포즈커피
4890,컴포즈커피
4891,광명맛집
4892,광명카페
4893,소하맛집
4894,커피전문점
4895,소하이마트
4896,오산
4897,카페
4898,컴포즈커피
4899,아아
4900,아메리카노
4901,출근
4902,허니자몽블랙티1
4903,컴포즈커피마곡나루점
4904,7잔드시면1500원할인
4905,1등급프리미엄우유만사용
4906,테이크아웃전메뉴1000원할인
4907,쿠팡이츠
4908,카페맛집
4909,에디오피아
4910,와플맛집
4911,마곡나루
4912,마곡지구
4913,마곡나루맛집
4914,마곡나루카페
4915,서울식물원
4916,마곡나루맛집추천
4917,마곡나루카페추천
4918,서울식물원카페추천
4919,강서구카페
4920,강서구맛집
4921,카페스타그램
4922,먹스타그램
4923,커피스타그램
4924,컴포즈커피
4925,컴포즈커피마곡나루점
4926,소년희망공장2호점
4927,넥센중앙연구소
4928,더넥센유니버시티
4929,롯데중앙연구소
4930,오토닉스
4931,event
4932,cafestagram
4933,seoul
4934,gyeonggi
4935,서울카페
4936,경기도카페
4937,원플러스원
4938,summer
4939,자몽허니블랙티
4940,grapefruit
4941,blacktea
4942,tea
4943,추천메뉴
4944,복숭아아이스티
4945,컴포즈커피
4946,컴포즈커피
4947,컴포즈커피사천카이점
4948,컴포즈커피
4949,스탬프쿠폰으로먹기
4950,2020년도
4951,8월26일
4952,수요일
4953,부천시소사구
4954,부천시
4955,우리집나의방
4956,우리집
4957,나의방구석
4958,나의방
4959,검정마스크
4960,미세먼지정보
4961,초미세먼지보통인날
4962,뿔테안경
4963,바가지머리
4964,일상스타그램
4965,일상
4966,무표정그램
4967,여름
4968,COMPOSE
4969,컴포즈커피
4970,아이스아메리카노
4971,모닝커피한잔
4972,너무좋고
4973,직장일터
4974,코로나19이겨냅시다
4975,생활속거리두기
4976,8월
4977,후텁지근함날씨
4978,폭염절정
4979,폭염날씨
4980,컴포즈커피
4981,컴포즈커피
4982,옥정호수공원
4983,옥정호수공원카페
4984,옥정카페
4985,옥정카페추천
4986,옥정맛집
4987,옥정
4988,옥정신도시
4989,옥정대방노블랜드
4990,옥정와플
4991,옥정와플맛집
4992,옥정호수공원와플
4993,컴포즈커피
4994,컴포즈와플
4995,크로와플
4996,달달구리
4997,메이플시럽
4998,임스타
4999,딸맘
5000,딸랑구
5001,딸스타그램
5002,우리집대장
5003,육아맘
5004,육아스타그램
5005,육아소통
5006,육아일상
5007,육아정보
5008,육아템
5009,데일리룩
5010,등원룩
5011,창원맘
5012,쪽쪽이안녕
5013,엄마만나러갔어
5014,잘가
5015,빠빠이
5016,하원후데이트
5017,컴포즈커피
5018,넌
5019,뽀로로보리차
5020,컴포즈
5021,컴포즈크로와플
5022,컴포즈와플
5023,와플
5024,경성대와플
5025,경성대크로플
5026,경성대디저트
5027,경성대디저트카페
5028,경성대카페
5029,경성대저렴한맛집
5030,경성대데이트
5031,경성대맛집
5032,부경대쪽문맛집
5033,부경대카페
5034,경성대부경대맛집
5035,크로플
5036,부산크로플
5037,부산맛집
5038,먹스타그램
5039,먹스타맞팔
5040,먹팔
5041,소통
5042,daily
5043,waffle
5044,좋반
5045,컴포즈커피
5046,쿠키쉐이크
