0,상남2인조
1,주짓수랩
2,코치
3,부산대주짓수
4,남천동주짓수
5,주짓수맛집
6,heavyweight
7,idol
8,motivation
9,주짓수랩
10,부산대주짓수
11,남천동주짓수
12,김해주짓수
13,토곡주짓수
14,주짓수랩
15,bjj
16,bjjlifestyle
17,jiujitsulifestyle
18,jiujitsu4life
19,큰집방문
20,성장
21,바캉스
22,부산대맛집
23,부산대안식당
24,차돌박이된장찌개
25,부산대주짓수
26,부산대주짓수랩
27,운동하는여자
28,운동하는남자
29,주짓떼로
30,주짓떼라
31,똥폼샷
32,너도주짓수하자
33,무릎나으면
34,부산대주짓수
35,노영암주짓수
36,부자주짓수
37,주짓수33일차
38,부산대주짓수
39,노영암주짓수
40,잠설친날엔주짓수
41,눈따가울때땀들어가서더따갑게
42,노기주짓수
43,주짓수32일차
44,부산대주짓수
45,노영암주짓수
46,폭염엔주짓수
47,는개뿔
48,멘탈안드로메다
49,주짓수31일차
50,부산대주짓수
51,노영암주짓수
52,한주의마무리는주짓수
53,노기주짓수
54,주짓수30일차
55,부산대주짓수
56,노영암주짓수
57,더운날엔주짓수
58,주짓수29일차
59,부산대주짓수
60,노영암주짓수
61,비오는날엔주짓수
62,하마터면주짓수안하고살뻔
63,주짓수28일차
64,부산대주짓수
65,노영암주짓수
66,피곤한날은주짓수
67,하마터면주짓수안하고살뻔
68,주짓수27일차
69,태풍이와도주짓수
70,부산대주짓수
71,노영암주짓수
72,하마터면주짓수모르고살뻔
73,주짓수26일차
74,내일은주짓수방학
75,부산대주짓수
76,노영암주짓수
77,주짓수랩부산대
78,목요일은무조건주짓수
79,하마터면주짓수모르고살뻔
80,주짓수25일차
81,부산대주짓수
82,노영암주짓수
83,주짓수랩
84,수요일은수려한주짓수
85,하마터면주짓수모르고살뻔
86,주짓수24일차
87,부산대주짓수
88,노영암주짓수
89,화요일은화끈하게주짓수
90,하마터면주짓수모르고살뻔
91,주짓수23일차
92,부산대주짓수
93,노영암주짓수
94,월요일은원래주짓수
95,하마터면주짓수모르고살뻔
96,주짓수22일차
97,부산대주짓수
98,노영암주짓수
99,주짓수랩부산대
100,하마터면주짓수모르고살뻔
101,19일차
102,부산대주짓수
103,노영암주짓수
104,하마터면주짓수모르고살뻔
105,운동과시간
106,18일차
107,부산대주짓수
108,노영암주짓수
109,주짓수랩
110,설레는월요일
111,삶의우선순위
112,17일차
113,금요일은주짓수
114,부산대주짓수
115,노영암주짓수
116,16일차
117,부산대주짓수
118,노영암주짓수
119,쉬운날은없다
120,15일차
121,부산대주짓수
122,노영암주짓수
123,즐거운자기관리
124,14일차
125,부산대주짓수
126,노영암주짓수
127,턱선은언제쯤
128,부산
129,부산대주짓수
130,주짓수랩
131,주짓수여행
132,불토
133,Osss
134,광안리
135,jiujitsulab
136,jiujitsu
137,jiujitsulife
138,주짓수
139,주짓수하는여자
140,주짓수패치
141,주짓수랩
142,부산주짓수
143,부산대주짓수
144,부산대주짓수랩
145,주짓떼라
146,주짓떼로
147,주짓수라이프
148,주짓스타그램
149,일상
150,일상스타그램
151,운동하는여자
152,선팔하면맞팔
153,선팔
154,맞팔
155,followforfollowback
156,likeforlikes
157,daily
158,dailygram
159,jiujitsulab
160,jiujitsu
161,jiujitsulife
162,주짓수
163,주짓수하는여자
164,주짓수패치
165,주짓수랩
166,부산주짓수
167,부산대주짓수
168,부산대주짓수랩
169,주짓떼라
170,주짓떼로
171,주짓수라이프
172,주짓스타그램
173,일상
174,일상스타그램
175,운동하는여자
176,선팔하면맞팔
177,선팔
178,맞팔
179,followforfollowback
180,likeforlikes
181,daily
182,dailygram
183,11일차
184,부산대주짓수
185,노영암주짓수
186,10일차
187,부산대주짓수
188,노영암주짓수
189,스트레칭만30분
190,그것도버겁다
191,9일차
192,부산대주짓수
193,주짓수는디테일
194,주짓수랩
195,노영암주짓수
196,8일차
197,부산대주짓수
198,주짓수랩
199,노영암주짓수
200,마디마디쑤심
201,7일차
202,비오는날엔주짓수
203,개힘듦
204,부산대주짓수
205,주짓수랩
206,노영암주짓수
207,6일차
208,부산대주짓수
209,주짓수랩
210,노영암주짓수
211,5일차
212,부산대주짓수
213,주짓수랩
214,노영암주짓수
215,4일차
216,부산대주짓수
217,주짓수랩
218,노영암주짓수
219,3일차
220,부산대주짓수
221,주짓수랩
222,부산대주짓수
223,주짓수
224,주짓수랩
225,주짓수랩부산대
226,부산대주짓수랩
227,승급
228,부산주짓수
229,주짓수랩
230,JIUJITSULAB
231,부산대주짓수
232,부산대
233,젠틀맨코치님
234,남매주짓수
235,쌩얼스타그램
236,8일간의여정
237,2주간의살크업
238,백수
239,5키로의지방을얻다
240,주짓수랩
241,부산대주짓수
242,가야동주짓수
243,강한생각gym
244,주짓수
245,부산대주짓수
246,부산대주짓수랩
247,주짓수랩
248,운동후먹방
249,떡볶이
250,라떼는말이야
251,주짓수랩
252,부산대주짓수
253,주짓수랩남천
254,남천동주짓수
255,후회
256,기회
257,한명회
258,최종회
259,방어회
260,김진희
261,주짓수
262,부산대주짓수
263,부산대주짓수랩
264,주짓수랩
265,오전운동
266,행복
267,스크램블애슬릿550터프
268,파이터스마켓코리아
269,스크램블코리아
270,니온벨리
271,토곡주짓수
272,부산대주짓수
273,주짓수랩
274,주짓수
275,딥하프
276,하프가드
277,bjj
278,bjjlife
279,scramble
280,부산대주짓수
281,부산대주짓수랩
282,주짓수랩
283,주짓수
284,오전운동
285,주짓수랩
286,부산대주짓수
287,부산대주짓수랩
288,새해복
289,내년엔잘될거야아마두
290,센텀xtm
291,크로스핏
292,운동하는여자
293,운동하는남자
294,주짓수
295,부산대주짓수
296,주짓수랩
297,주짓떼라
298,주짓떼로
299,알파벳놀이
300,live
301,love
302,jiujitsu
303,bjj
304,헬요일극복
305,주짓수랩
306,주짓수랩남천
307,유술
308,bjj
309,bjj4life
310,jiujitsu4life
311,jiujitsulifestyle
312,busan
313,남천동주짓수
314,부산대주짓수
315,크로스핏
316,센텀크로스핏
317,센텀xtm
318,운동하는여자
319,운동하는남자
320,주짓수랩
321,부산대주짓수
322,주짓떼라
323,주짓떼로
324,주짓수랩
325,부산대주짓수
326,부산대주짓수랩
327,jiujitsu
328,살려조
329,크로스핏
330,크로스핏오픈
331,센텀xtm
332,운동하는남자
333,운동하는여자
334,주짓수
335,부산대주짓수
336,주짓수랩
337,주짓떼로
338,주짓떼라
339,crossfitopen
340,open2020
341,센텀xtm
342,부산크로스핏
343,운동하는남자
344,운동하는여자
345,주짓수
346,주짓수랩
347,부산대주짓수
348,주짓떼라
349,주짓떼로
350,크로스핏
351,crossfit
352,센텀xtm
353,운동하는여자
354,운동하는남자
355,주짓수
356,부산대주짓수
357,주짓수랩
358,주짓떼라
359,주짓떼로
360,주짓수
361,부산대주짓수
362,부산대주짓수랩
363,주짓수랩
364,공부빼고다재밌다
365,센텀xtm
366,부산크로스핏
367,운동하는여자
368,운동하는남자
369,주짓수
370,부산대주짓수
371,주짓수랩
372,주짓떼라
373,주짓떼로
374,크로스핏
375,센텀xtm
376,운동하는여자
377,운동하는남자
378,주짓수
379,부산대주짓수
380,부산대주짓수랩
381,주짓떼라
382,주짓떼로
383,부산대주짓수
384,주짓수
385,bjj
386,mma
387,주짓수동아리
388,부산대주짓수동아리
389,운동
390,atheletic
391,jiujitsu
392,더블골드주짓수챔피언쉽
393,진주
394,부산주짓수
395,부산대주짓수
396,주짓수랩
397,주짓떼라
398,주짓떼로
399,센텀xtm
400,부산크로스핏
401,운동하는여자
402,운동하는남자
403,센텀xtm
404,부산크로스핏
405,크로스핏
406,운동하는여자
407,운동하는남자
408,주짓수
409,부산대주짓수
410,주짓수랩
411,주짓떼라
412,주짓떼로
413,얼굴경락
414,센텀xtm
415,크로스핏
416,부산크로스핏
417,운동하는여자
418,운동하는남자
419,주짓수
420,부산대주짓수
421,주짓수랩
422,주짓떼라
423,주짓떼로
424,주짓수랩
425,형제닭도리
426,주짓수
427,부산주짓수
428,부산대주짓수
429,주짓수랩
430,크로스핏
431,센텀xtm
432,주짓떼라
433,주짓떼로
434,운동하는여자
435,운동하는남자
436,크로스핏
437,크로스핏k
438,센텀xtm
439,운동하는여자
440,운동하는남자
441,주짓수
442,부산대주짓수
443,주짓수랩
444,주짓떼라
445,주짓떼로
446,운동하는여자
447,운동하는남자
448,크로스핏
449,센텀xtm
450,주짓수
451,부산주짓수
452,부산대주짓수
453,주짓수랩
454,주짓떼라
455,주짓떼로
456,센텀xtm
457,크로스핏
458,운동하는남자
459,운동하는여자
460,주짓수
461,부산주짓수
462,부산대주짓수
463,주짓수랩
464,주짓떼라
465,주짓떼로
466,grind
467,kvra
468,도복
469,경남
470,양산
471,물금
472,범어
473,부산
474,부산대
475,부산대주짓수
476,부산주짓수
477,주짓수랩
478,jiujitsulab
479,주짓떼로
480,jiujitsulife
481,jiujitsu
482,운동
483,운동스타그램
484,sports
485,키브라
486,신상
487,주짓수코리아
488,daily
489,주짓수하는남자
490,주짓수그램
491,주짓수도복
492,bjj
493,주짓수랩
494,부산대주짓수
495,주짓수
496,오전운동
497,크로스핏
498,센텀xtm
499,운동하는여자
500,운동하는남자
501,주짓수
502,부산주짓수
503,부산대주짓수
504,주짓수랩
505,주짓떼라
506,주짓떼로
507,주짓수
508,부산주짓수
509,주짓수랩
510,부산대주짓수
511,운동하는여자
512,운동하는남자
513,주짓떼라
514,주짓떼로
515,크로스핏
516,센텀xtm
517,주말농사
518,운동하는여자
519,운동하는남자
520,크로스핏
521,센텀xtm
522,주짓수
523,부산주짓수
524,부산대주짓수
525,주짓수랩
526,주짓떼라
527,주짓떼로
528,부산대주짓수
529,부산대주짓수랩
530,주짓수랩
531,오전운동
532,나도
533,kvra
534,도복
535,갖고싶다
536,운동하는여자
537,운동하는남자
538,주짓수
539,부산대주짓수
540,부산주짓수
541,주짓수랩
542,주짓떼라
543,주짓떼로
544,센텀xtm
545,크로스핏
546,운동하는여자
547,운동하는남자
548,센텀xtm
549,크로스핏
550,부산주짓수
551,부산대주짓수
552,주짓수랩
553,주짓수
554,주짓떼라
555,주짓떼로
556,운동하는여자
557,운동하는남자
558,센텀xtm
559,크로스핏
560,주짓떼라
561,주짓떼로
562,부산대주짓수
563,주짓수랩
564,부산주짓수
565,경남
566,양산
567,물금
568,범어
569,증산
570,busan
571,부산
572,부산대주짓수
573,부산주짓수
574,주짓수
575,jiujitsu
576,jiujitsulife
577,주짓수랩
578,jiujitsulab
579,주짓떼로
580,운동
581,운동스타그램
582,주짓수스타그램
583,sports
584,kvra
585,키브라
586,AOJ
587,RVCA
588,daily
589,bjj
590,운동하는여자
591,운동하는남자
592,센텀xtm
593,크로스핏
594,주짓수
595,부산대주짓수
596,주짓수랩
597,주짓떼라
598,주짓떼로
599,운동하는여자
600,운동하는남자
601,부산대주짓수
602,부산주짓수
603,주짓떼라
604,주짓떼로
605,주짓수랩
606,센텀xtm
607,크로스핏
608,주짓수랩
609,윙크
610,경남
611,양산
612,물금
613,범어
614,부산
615,busan
616,동래
617,주짓수
618,jiujitsu
619,jiujitsulife
620,부산대주짓수
621,주짓수랩
622,jiujitsulab
623,주짓떼로
624,스포츠
625,sports
626,운동
627,운동스타그램
628,kingz
629,킹즈
630,키브라
631,kvra
632,oss
633,부산대주짓수
634,부산대주짓수랩
635,주짓수랩
636,별명
637,주짓수
638,주짓수도복
639,가우쵸
640,가우쵸클래식
641,부산대주짓수
642,주짓수
643,주짓수랩
644,새도복
645,지르기
646,텅장
647,grind
648,bjj
649,bjj4life
650,jiujiutsu
651,jiujitsulifestyle
652,주짓수랩
653,부산대주짓수
654,남천동주짓수
655,fitness
656,운동영상
657,motivation
658,sensation
659,inovation
660,유코
661,문디알
662,부산대주짓수
663,주짓수
664,주짓수랩
665,오전운동
666,경남
667,양산
668,물금
669,범어
670,부산
671,busan
672,동래
673,주짓수
674,jiujitsu
675,jiujitsulife
676,부산대주짓수
677,주짓수랩
678,jiujitsulab
679,주짓떼로
680,스포츠
681,sports
682,운동
683,운동스타그램
684,생일
685,birthday
686,키브라
687,kvra
688,불금
689,oss
690,주말
691,경남
692,양산
693,물금
694,범어
695,부산
696,부산주짓수
697,부산대주짓수
698,강서체육관
699,주짓수랩
700,주짓수
701,jiujitsu
702,jiujitsulab
703,jiujitsulife
704,주짓떼로
705,sports
706,운동
707,운동스타그램
708,리그로얄
709,leagueroyal
710,bjj
711,주짓수그램
712,주짓수대회
713,입상
714,동메달
715,키브라
716,kvra
717,무사수행
718,근로자의날
719,김건우
720,주짓수
721,부산대주짓수
722,주짓수랩
723,friendship
724,팀GJ
725,jiujitsu
726,jiujitsulifestyle
727,bjj
728,bjj4life
729,주짓수
730,주짓수랩
731,김해주짓수
732,부산대주짓수
733,남천동주짓수
734,fitness
735,motivation
736,경남
737,양산
738,물금
739,범어
740,부산
741,busan
742,동래
743,부산대
744,운동
745,운동스타그램
746,sports
747,jiujitsu
748,jiujitsulife
749,jiujitsuforlife
750,주짓수
751,부산주짓수
752,부산대주짓수
753,jiujitsulab
754,주짓수랩
755,소요롤
756,rvca
757,aoj
758,artofjiujitsu
759,주짓떼로
760,bjj
761,shoyoroll
762,일상
763,오픈매트
764,부산대주짓수
765,봄
766,everydayporrada
767,jiujitsu
768,bjj
769,주짓수
770,fitness
771,motivation
772,주짓수랩
773,부산대주짓수
774,남천동주짓수
775,일상
776,소통
777,운동
778,운동하는남자
779,운동하는여자
780,bjj247
781,3
782,jiujitsu
783,jiujitsulifestyle
784,bjj
785,bjj4life
786,everydayporrada
787,주짓떼라
788,주짓떼로
789,fitness
790,motivation
791,부산대주짓수
792,주짓수랩
793,운동
794,취미
795,운동후
796,NIKEWOMEN
797,위대한챌린지
798,위대한챌린지
799,위대한챌린지
800,부산대주짓수
801,주짓수랩
802,주짓수랩
803,부산대주짓수
804,노영암관장님
805,유동민코치님
806,그랄승급
807,경남
808,양산
809,물금
810,범어
811,부산
812,busan
813,부산대
814,동래
815,부산대주짓수
816,주짓수랩
817,주짓수
818,jiujitsu
819,jiujitsulab
820,jiujitsulife
821,주짓수라이프
822,kvra
823,키브라
824,daily
825,일상
826,주짓떼로
827,운동
828,운동스타그램
829,bjj
830,1그랄
831,승급
832,bjj
833,주짓수
834,주짓수도복
835,부산대
836,부산대주짓수
837,주짓수랩
838,부산운동
839,부산
840,jiujitsu
841,jiujitsulab
842,운동
843,운동하는남자
844,운동스타그램
845,헬스타그램
846,oss
847,주짓수랩
848,jiujitsu
849,주짓떼로
850,부산대주짓수
851,렙업
852,우왕
853,부산대
854,오직그대만
855,오직그대만부산대
856,부산대주짓수랩
857,겨울파티
858,부산대
859,부산대주짓수
860,배불러
861,주짓수랩
862,맨투맨
863,맨유
864,맨시티
865,맨정신
866,맨소래담
867,맨홀뚜껑
868,맨보샤
869,맨즈헬스
870,bjj
871,jiujitsu
872,bjj4life
873,jiujitsulifestyle
874,주짓수
875,주짓수랩
876,부산대주짓수
877,남천동주짓수
878,주짓수랩남탕점
879,피트니스
880,부산다이어트
881,부산피트니스
882,광안리
883,motivation
884,경남
885,양산
886,물금
887,범어
888,부산
889,busan
890,부산대
891,부산대맛집
892,나오리쇼쿠
893,일본가정식
894,오차즈케
895,연어스테이크
896,jiujitsulife
897,jiujitsu
898,주짓수
899,부산대주짓수
900,주짓수랩
901,먹스타그램
902,food
903,foodstagram
904,환경이사람을만든다
905,bjj
906,bjj4life
907,jiujitsu
908,jiujitsulifestyle
909,judo
910,judolifestyle
911,passion
912,motivation
913,주짓수
914,주짓수랩
915,부산대주짓수
916,금정구주짓수
917,남천동주짓수
918,운동
919,취미
920,경남
921,양산
922,물금
923,범어
924,부산
925,busan
926,부산대
927,부산대주짓수
928,부산주짓수
929,주짓수랩
930,jiujitsulab
931,kvra
932,키브라
933,jiujitsu
934,주짓수
935,jiujitsulife
936,주짓떼로
937,blackbelt
938,whitebelt
939,master
940,beginner
941,주짓수랩
942,Repost
943,bjj
944,jiujitsu
945,jiujutsulab
946,주짓수랩
947,부산대주짓수
948,김해주짓수
949,남천동주짓수
950,피트니스
951,운동하는남자
952,초격차
953,jiujitsulifestyle
954,bjj
955,jiujitsu
956,jiujutsulab
957,주짓수랩
958,부산대주짓수
959,김해주짓수
960,남천동주짓수
961,피트니스
962,운동하는남자
963,초격차
964,jiujitsulifestyle
965,부산대주짓수
966,주짓수랩
967,jiujitsulab
968,everydayporrada
969,Repost
970,jiujitsu
971,jiujitsulifestyle
972,주짓수랩
973,부산대주짓수
974,남천동주짓수
975,율하주짓수
976,jiujitsu
977,jiujitsulifestyle
978,주짓수랩
979,부산대주짓수
980,남천동주짓수
981,율하주짓수
982,경남
983,양산
984,물금
985,범어
986,부산
987,busan
988,부산대
989,동래
990,부산대주짓수
991,주짓수랩
992,주짓수
993,jiujitsu
994,jiujitsulab
995,jiujitsulife
996,deephalfguard
997,kvra
998,키브라
999,daily
1000,일상
1001,주짓떼로
1002,운동
1003,운동스타그램
1004,bjj
1005,주짓수랩
1006,부산대주짓수
1007,jiujitsu
1008,이브
1009,꺼졍
1010,경남
1011,양산
1012,물금
1013,범어
1014,일상
1015,직장인
1016,주짓수
1017,주짓수랩
1018,부산대주짓수
1019,jiujitsu
1020,jiujitsulab
1021,jiujitsulife
1022,bjj
1023,somostodoskvra
1024,운동
1025,운동스타그램
1026,키브라
1027,kvra
1028,bjjlife
1029,bjjforlife
1030,주짓떼로
1031,주짓스타그램
1032,킹즈
1033,kingz
1034,주린이
1035,미남없는미남역
1036,동래팀매드
1037,jiujitsulifestyle
1038,주짓수
1039,주짓수랩
1040,부산대주짓수
1041,남천동주짓수
1042,피트니스
1043,주짓수
1044,부산대주짓수
1045,주짓수랩
1046,부산주짓수
1047,부산대주짓수
1048,부산대주짓수랩
1049,주짓수랩
1050,운동하는여자
1051,운동하는남자
1052,주짓떼라
1053,주짓떼로
1054,부산대주짓수
1055,주짓수랩
1056,주짓수
1057,재밌다
1058,부산주짓수
1059,부산대주짓수
1060,부산대주짓수랩
1061,주짓수랩
1062,운동하는여자
1063,운동하는남자
1064,주짓떼라
1065,주짓떼로
1066,캠핑
1067,주짓수
1068,부산대주짓수
1069,부산주짓수
1070,주짓수랩
1071,부산대주짓수랩
1072,부산주짓수
1073,부산대주짓수
1074,운동하는남자
1075,운동하는여자
1076,주짓떼로
1077,주짓떼라
1078,주짓수랩
1079,부산
1080,부산대주짓수
1081,주짓수랩
1082,운동하는여자
1083,운동하는남자
1084,주짓떼라
1085,주짓떼로
1086,부산대주짓수랩
1087,everydayporrada
1088,jiujitsu
1089,jiujitsulifestyle
1090,부산대주짓수
1091,남천동주짓수
1092,주짓수랩
1093,부산주짓수
1094,피트니스
1095,motivation
1096,fitness
1097,취미
1098,운동
1099,운동하는남자
1100,운동하는여자
1101,부산대주짓수
1102,부산주짓수
1103,주짓수랩
1104,운동하는여자
1105,운동하는남자
1106,주짓떼라
1107,주짓떼로
1108,주짓수
1109,everydayporrada
1110,jiujitsu
1111,jiujitsulifestyle
1112,model
1113,daily
1114,dailylook
1115,top
1116,runway
1117,주짓수후드
1118,주짓수코리아
1119,주짓수랩
1120,피트니스
1121,부산대주짓수
1122,남천동주짓수
1123,주짓수랩
1124,부산대주짓수
1125,부산주짓수
1126,주짓수
1127,주짓수랩
1128,운동하는여자
1129,운동하는남자
1130,주짓떼라
1131,주짓떼로
1132,oss
1133,경남
1134,양산
1135,물금
1136,부산
1137,부산대
1138,운동
1139,주짓수
1140,부산대주짓수
1141,주짓수랩
1142,jiujitsu
1143,jiujitsulab
1144,jiujitsulifestyle
1145,jiujitsulife
1146,먹스타그램
1147,foodstagram
1148,daily
1149,서브웨이
1150,subway
1151,JMT
1152,경남
1153,양산
1154,물금
1155,부산
1156,부산대
1157,추석
1158,명절
1159,운동
1160,주짓수
1161,부산대주짓수
1162,주짓수랩
1163,jiujitsu
1164,jiujitsulab
1165,jiujitsulifestyle
1166,jiujitsulife
1167,주짓수랩
1168,부산대주짓수
1169,금정구주짓수
1170,jiujitsu
1171,jiujitsufamily
1172,jiujitsulifestyle
1173,부산대주짓수
1174,부산대주짓수랩
1175,주짓수랩
1176,운동하는여자
1177,운동하는남자
1178,주짓떼로
1179,주짓떼라
1180,부산주짓수
1181,주짓수
1182,사진은
1183,64세아님
1184,DesertCoolCombatShorts
1185,Repost
1186,주짓수랩
1187,부산대주짓수
1188,부산대
1189,주짓수
1190,주짓떼라
1191,여름
1192,노기
1193,파이트쇼츠
1194,주짓수도복
1195,주짓수용품
1196,주짓수코리아
1197,VHTS
1198,vhtskor
1199,vhtsny
1200,vhtsjp
1201,fightshorts
1202,nogi
1203,bjj
1204,nogirls
1205,bjjgirl
1206,jiujitsu
1207,jiujitsugirl
1208,jiujitsulifestyle
1209,diet
1210,summer
1211,부산대소울메이트
1212,G1
1213,repost
1214,주짓수랩
1215,부산대주짓수
1216,주짓수
1217,주짓떼라
1218,운동하는여자들
1219,주짓수도복
1220,주짓수코리아
1221,jiujitsukor
1222,vhts
1223,vhtskor
1224,vhtsny
1225,vhtsjp
1226,jiujitsu
1227,jiujitsugirls
1228,bjj
1229,bjjgirls
1230,jiujitsulifestyle
1231,jiujitsufamily
1232,jiujitsulab
1233,부산대주짓수
1234,주짓수랩
1235,수영구주짓수
1236,주짓수랩남천
1237,jiujitsu
1238,JIUJITSULAB
1239,주짓수랩
1240,부산주짓수
1241,부산대주짓수
1242,운동하는여자
1243,운동하는남자
1244,주짓떼라
1245,주짓떼로
1246,하파엘멘데스
1247,세미나
1248,주짓수랩
1249,부산주짓수
1250,부산대주짓수
1251,부산대주짓수랩
1252,운동하는여자
1253,운동하는남자
1254,주짓떼라
1255,주짓떼로
1256,초크리퍼블릭
1257,더하트클라이밍
1258,부산대
1259,장전동
1260,클라이밍
1261,부산대주짓수
1262,주짓수랩
1263,운동하는여자
1264,운동하는남자
1265,여름나기
1266,운동파티
1267,부산
1268,주짓수
1269,부산대
1270,부산대주짓수
1271,금정구주짓수
1272,금정구
1273,수영구
1274,주짓수랩
1275,남천동
1276,주짓수랩남천
1277,부산
1278,부산대
1279,경남
1280,양산
1281,물금
1282,북정
1283,운동스타그램
1284,운동
1285,sport
1286,jiujitsu
1287,주짓수
1288,주짓수랩
1289,부산대주짓수
1290,흰띠
1291,가야밀면
1292,먹스타그램
1293,food
1294,foodstagram
1295,주짓수
1296,부산주짓수
1297,부산대주짓수
1298,부산대주짓수랩
1299,주짓수랩
1300,여름엔
1301,주짓수랩
1302,운동하는여자
1303,운동하는남자
1304,주짓떼라
1305,주짓떼로
1306,부산대주짓수
1307,bjj
1308,정신적지주주한이행님
1309,물질적지주형민이행님
1310,이용주보고있나
1311,최블루축하합니다
1312,내사랑밥
1313,Repost
1314,주짓수
1315,부산대
1316,부산대주짓수
1317,주짓수랩
1318,주짓떼라
1319,주짓떼로
1320,운동하는여자
1321,다이어트
1322,호신술
1323,취미
1324,하루일과
1325,주짓수도복
1326,주짓수코리아
1327,jiujitsukor
1328,VHTS
1329,VHTSKOR
1330,VHTSNY
1331,VHTSJP
1332,Bewater
1333,white
1334,jiujitsu
1335,jiujitsugirl
1336,bjj
1337,bjjgir
1338,grappling
1339,jiujitsulab
1340,주짓수랩
1341,부산대주짓수
1342,민이는사랑입니다
1343,운동하는여자
1344,운동하는남자
1345,주짓떼라
1346,주짓떼로
1347,부산주짓수
1348,주짓수
1349,Repost
1350,주짓떼라
1351,운동하는여자
1352,주짓수
1353,주짓수랩
1354,부산대
1355,부산대주짓수
1356,주짓수도복
1357,주짓수코리아
1358,Vhts
1359,Vhtskor
1360,Vhtsny
1361,Vhtsjp
1362,bewater
1363,navy
1364,jiujitsukor
1365,jiujitsugirl
1366,bjj
1367,bjjgirl
1368,summer
1369,fitness
1370,diet
1371,Repost
1372,주짓수
1373,주짓수랩
1374,부산대
1375,부산대주짓수
1376,운동하는여자
1377,주짓떼라
1378,주짓떼로
1379,다이어트
1380,호신술
1381,주짓수도복
1382,주짓수코리아
1383,Vhts
1384,vhtskor
1385,vhtsny
1386,vhtsjp
1387,hotelcalifornia
1388,jiujitsukor
1389,jiujitsu
1390,jiujitsugirl
1391,bjj
1392,bjjgirl
1393,summer
1394,hot
1395,부산대주짓수
1396,부산대주짓수랩
1397,주짓수랩
1398,운동하는여자
1399,운동하는남자
1400,주짓떼라
1401,주짓떼로
1402,주짓수랩
1403,부산대주짓수
1404,부산주짓수랩
1405,jiujitsulab
1406,벌써뻗음
1407,하루의마무리
1408,주짓수
1409,주짓수랩
1410,부산대주짓수
1411,jiujitsulab
1412,집으로가즈아
1413,부산주짓수랩
1414,팀매드
1415,아재들의지속가능한movement
1416,상큼한쉼표
1417,촉촉한일상
1418,Repost
1419,주짓수
1420,주짓수랩
1421,부산주짓수
1422,금정구주짓수
1423,동래구주짓수
1424,장전동주짓수
1425,구서동주짓수
1426,부곡동주짓수
1427,부산대주짓수
1428,부산외대주짓수
1429,Repost
1430,주짓수
1431,부산대
1432,부산대주짓수
1433,주짓수랩
1434,주짓떼라
1435,주짓떼로
1436,운동하는여자
1437,다이어트
1438,호신술
1439,암바
1440,주짓수도복
1441,주짓수코리아
1442,jiujitsukor
1443,VHTS
1444,VHTSKOR
1445,VHTSNY
1446,VHTSJP
1447,Bewater
1448,white
1449,jiujitsu
1450,jiujitsugirl
1451,bjj
1452,bjjgir
1453,armbar
1454,grappling
1455,jiujitsulab
1456,주짓수랩
1457,부산대주짓수
1458,부산주짓수랩
1459,jiujitsulab
1460,안전해요
1461,다치지않아요
1462,Repost
1463,jiujitsu
1464,jiujitsulifestyle
1465,주짓수
1466,주짓떼로
1467,주짓떼라
1468,피트니스
1469,운동
1470,취미
1471,주짓수랩
1472,부산대주짓수
1473,일상
1474,daily
1475,운동스타그램
1476,vhtskor
1477,vhtsjp
1478,vhts
1479,vhtsny
1480,jiujitsu
1481,bjj
1482,nogi
1483,grappling
1484,mma
1485,repost
1486,주짓수랩
1487,부산대주짓수
1488,부산대
1489,주짓수
1490,다이어트
1491,호신술
1492,주짓떼라
1493,주짓떼로
1494,주짓스타그램
1495,운동하는여자
1496,주짓수도복
1497,주짓수코리아
1498,jiujitsukor
1499,VHTS
1500,vhtskor
1501,vhtsjp
1502,vhtsny
1503,jiujitsu
1504,jiujitsugirl
1505,bjj
1506,bjjgirl
1507,jiujitsulife
1508,grappling
1509,mma
1510,diet
1511,일상
1512,주짓수
1513,주짓수랩
1514,jiujitsu
1515,부산대주짓수
1516,부산대
1517,jiujitsulab
1518,주짓수
1519,주짓수컬링
1520,주짓수랩
1521,부산주짓수
1522,금정구주짓수
1523,동래구주짓수
1524,장전동주짓수
1525,구서동주짓수
1526,부곡동주짓수
1527,부산대주짓수
1528,부산외대주짓수
1529,regrann
1530,workout
1531,jiujitsu
1532,mma
1533,olympics
1534,funnyvideos
1535,this
1536,is
1537,sport
1538,컬링패러디
1539,영미
1540,영미영미
1541,영미영미영미
1542,영상모음
1543,펀스타그램
1544,일상스타그램
1545,불금
1546,Repost
1547,jiujitsu
1548,jiujitsulifestyle
1549,곰래플러
1550,주짓수코리아
1551,주짓수후드
1552,주짓수랩
1553,피트니스
1554,유도
1555,judo
1556,wrestling
1557,bjj
1558,주짓수
1559,다이어트
1560,부산주짓수
1561,부산대주짓수
1562,금정구주짓수
1563,안양주짓수
1564,낙성대주짓수
1565,범계주짓수
1566,평촌주짓수
1567,부산주짓수
1568,부산대주짓수
1569,노영암
1570,문디알
1571,팬암
1572,딥하프
1573,jiujitsu
1574,mma
1575,trianglechoke
1576,backchoke
1577,armbar
1578,주짓수
1579,운동하는남자
1580,운동하는여자
1581,운동
1582,다이어트
1583,도복
1584,래쉬가드
1585,호신술
1586,jiujitsulife
1587,jiujitsulifestyle
1588,bjj
1589,gi
1590,안양주짓수
1591,낙성대주짓수
1592,범계주짓수
1593,평촌주짓수
1594,부산주짓수
1595,부산대주짓수
1596,인천주짓수
1597,문디알
1598,팬암
1599,브라질유술
1600,jiujitsu
1601,mma
1602,trianglechoke
1603,backchoke
1604,armbar
1605,유술
1606,주짓수
1607,운동하는남자
1608,운동하는여자
1609,운동
1610,다이어트
1611,도복
1612,래쉬가드
1613,호신술
1614,jiujitsulife
1615,jiujitsulifestyle
1616,bjj
1617,gi
1618,안양주짓수
1619,낙성대주짓수
1620,범계주짓수
1621,평촌주짓수
1622,부산주짓수
1623,부산대주짓수
1624,인천주짓수
1625,문디알
1626,팬암
1627,브라질유술
1628,jiujitsu
1629,mma
1630,trianglechoke
1631,backchoke
1632,armbar
1633,유술
1634,주짓수
1635,운동하는남자
1636,운동하는여자
1637,운동
1638,다이어트
1639,도복
1640,래쉬가드
1641,호신술
1642,jiujitsulife
1643,jiujitsulifestyle
1644,bjj
1645,gi
1646,안양주짓수
1647,낙성대주짓수
1648,범계주짓수
1649,평촌주짓수
1650,부산주짓수
1651,부산대주짓수
1652,인천주짓수
1653,문디알
1654,팬암
1655,브라질유술
1656,jiujitsu
1657,mma
1658,trianglechoke
1659,backchoke
1660,armbar
1661,유술
1662,주짓수
1663,운동하는남자
1664,운동하는여자
1665,운동
1666,다이어트
1667,도복
1668,래쉬가드
1669,호신술
1670,jiujitsulife
1671,jiujitsulifestyle
1672,bjj
1673,gi
1674,안양주짓수
1675,낙성대주짓수
1676,범계주짓수
1677,평촌주짓수
1678,부산주짓수
1679,부산대주짓수
1680,인천주짓수
1681,문디알
1682,팬암
1683,브라질유술
1684,jiujitsu
1685,mma
1686,trianglechoke
1687,backchoke
1688,armbar
1689,유술
1690,주짓수
1691,운동하는남자
1692,운동하는여자
1693,운동
1694,다이어트
1695,도복
1696,래쉬가드
1697,호신술
1698,jiujitsulife
1699,jiujitsulifestyle
1700,bjj
1701,gi
1702,안양주짓수
1703,낙성대주짓수
1704,범계주짓수
1705,평촌주짓수
1706,부산주짓수
1707,부산대주짓수
1708,인천주짓수
1709,문디알
1710,팬암
1711,브라질유술
1712,jiujitsu
1713,mma
1714,trianglechoke
1715,backchoke
1716,armbar
1717,유술
1718,주짓수
1719,운동하는남자
1720,운동하는여자
1721,운동
1722,다이어트
1723,도복
1724,래쉬가드
1725,호신술
1726,jiujitsulife
1727,jiujitsulifestyle
1728,bjj
1729,gi
1730,안양주짓수
1731,낙성대주짓수
1732,범계주짓수
1733,평촌주짓수
1734,부산주짓수
1735,부산대주짓수
1736,인천주짓수
1737,문디알
1738,팬암
1739,브라질유술
1740,jiujitsu
1741,mma
1742,trianglechoke
1743,backchoke
1744,armbar
1745,유술
1746,주짓수
1747,운동하는남자
1748,운동하는여자
1749,운동
1750,다이어트
1751,도복
1752,래쉬가드
1753,호신술
1754,jiujitsulife
1755,jiujitsulifestyle
1756,bjj
1757,gi
1758,주짓수
1759,jiujitsu
1760,주짓수랩
1761,금정구주짓수
1762,부산대
1763,부산대주짓수
1764,스파이더주짓수
1765,일상
1766,취미
1767,운동
1768,운동하는남자
1769,주짓수랩
1770,부산대주짓수
1771,주짓수
1772,주짓떼로
1773,jiujitsulab
1774,jiujitsu
1775,일상
1776,불금
1777,부산대
1778,부산대주짓수
1779,주짓수랩
1780,jiujitsu
1781,불테리어
1782,kvra
1783,주니크
1784,킹즈
1785,블랙도복
1786,운동
1787,취미
1788,일상
1789,주짓수랩
1790,jiujitsulab
1791,jiujitsu
1792,주짓수
1793,부산대주짓수
1794,부산
1795,짱짱맨되고싶음
1796,부산대주짓수
1797,금정구주짓수
1798,부산대
1799,주짓수
1800,jiujitsu
1801,주짓수
1802,주짓수랩
1803,일상
1804,운동
1805,취미
1806,선팔하면맞팔
1807,선팔맞팔
1808,Repost
1809,jiujitsu
1810,jiujitsulifestyle
1811,주짓수
1812,주짓수랩
1813,주짓수코리아
1814,주짓수후드
1815,kvra
1816,부산대주짓수
1817,부산대
1818,일상
1819,취미
1820,다이어트
1821,운동
1822,피트니스
1823,첫줄
1824,보라띠승급
1825,띠빵
1826,주짓수
1827,bjj
1828,jiujitsu
1829,띠빵
1830,주짓수랩
1831,부산대주짓수
1832,승급식
1833,운동
1834,취미
1835,주짓떼로
1836,주짓수랩최고
1837,주짓수
1838,주짓수랩
1839,부산대
1840,부산대주짓수
1841,기억해두겠습니다
1842,잠깐정신을잃었다
1843,진심기절할뻔
1844,물블루
1845,띠빵
1846,운동
1847,일상
1848,취미
1849,선팔맞팔
1850,선팔하면맞팔
1851,주짓수
1852,주짓수랩
1853,금정구주짓수
1854,부산대주짓수
1855,부산대
1856,세계최강노영암
1857,물블루
1858,블루벨트
1859,승급
1860,선팔하면맞팔
1861,선팔맞팔
1862,Repost
1863,deephalfguard
1864,halfguard
1865,bjj
1866,mma
1867,judo
1868,mma
1869,jiujitsulifestyle
1870,fitness
1871,sport
1872,fashion
1873,sweatshirt
1874,jiujitsulifestyle
1875,daily
1876,photo
1877,selfies
1878,부산
1879,주짓수랩
1880,부산대주짓수
1881,주짓수
1882,취미
1883,운동
1884,미스터파커
1885,남자
1886,패션
1887,옷스타그램
1888,데일리
1889,일상
1890,라이프스타일
1891,bjj
1892,jiujitsu
1893,jiujitsulifestyle
1894,주짓수랩
1895,주짓수코리아
1896,주짓수후드
1897,주짓수
1898,주짓떼로
1899,주짓떼라
1900,피트니스
1901,운동
1902,취미
1903,drill
1904,submission
1905,Jiujitsuhood
1906,Jhood
1907,부산대주짓수
1908,금정구주짓수
1909,금정구주짓수
1910,부산대주짓수
1911,주짓수
1912,주짓수랩
1913,노영암
1914,우주최강
1915,노기
1916,nogi
1917,레슬링
1918,선팔맞팔
1919,선팔하면맞팔
1920,주짓수랩
1921,주짓수
1922,jiujitsulab
1923,jiujitsu
1924,불금
1925,팔아픔
1926,광속탭
1927,부산대주짓수
1928,부산
1929,부산대
1930,금정구주짓수
1931,부산대주짓수
1932,주짓수
1933,주짓수랩
1934,주짓수후드
1935,매헌
1936,코랄
1937,스파링
1938,맥도날드
1939,상하이치킨버거
1940,1955버거
1941,선팔하면맞팔
1942,선팔맞팔
1943,일상
1944,소통
1945,금정구주짓수
1946,장전동주짓수
1947,부산대주짓수
1948,주짓수랩
1949,태클
1950,테이크다운
1951,레슬링
1952,유도
1953,체스윕
1954,주짓수후드
1955,주짓수코리아
1956,선팔하면맞팔
1957,주짓수
1958,주짓수랩
1959,부산주짓수
1960,주짓수체육관
1961,종합격투기
1962,부산대주짓수
1963,유학
1964,유학파
1965,캐나다
1966,빅토리아
1967,부산
1968,부산대맛집
1969,부산대카페
1970,카페
1971,jiujitsu
1972,jiujitsutraining
1973,jiujitsukorea
1974,jiujitsulifestyle
1975,jiujitsubusan
1976,jiujitsu4life
1977,kvra
1978,kvrakorea
1979,kvrakimonos
1980,kvraco
1981,주짓수
1982,주짓수체육관
1983,주짓수랩
1984,부산대
1985,부산대주짓수
1986,부산대맛집
1987,부산대카페
1988,부산대체육관
1989,부산남자
1990,광안리
1991,순찰
1992,태닝
1993,주짓수
1994,주짓수라이프스타일
1995,jiujitsu
1996,jiujitsulifestyle
1997,jiujitsukorea
1998,jiujitsulab
1999,부산주짓수
2000,부산대주짓수
2001,summer
2002,surf
2003,skateboard
2004,beach
2005,policeman
2006,주짓수랩
2007,루프탑파티
2008,부산대주짓수
2009,회식
2010,분위기
2011,좋구요
2012,감성터지는
2013,전등
2014,한몫한듯합니다
2015,jujitsu
2016,looftop
2017,looftopparty
2018,party
2019,jiujitsu
2020,jiujitsulifestyle
2021,bjjlife
2022,jiujitsulab
2023,busanjiujitsu
2024,summer
2025,surf
2026,hot
2027,fun
2028,주짓수
2029,주짓수부산
2030,부산주짓수
2031,주짓수랩
2032,금정구주짓수
2033,부산대주짓수
2034,주짓수라이프
2035,노영암
2036,다들잘챙겨주네
2037,난대화가안돼
2038,나도챙겨주고싶다휴
2039,주짓수
2040,주짓수라이프스타일
2041,주짓수랩
2042,부산주짓수
2043,부산대주짓수
2044,빙수
2045,망고빙수
2046,딸기빙수
2047,팥빙수
2048,KVRA
2049,kvrakimonos
2050,kvraco
2051,jiujitsukorea
2052,jiujitsulab
2053,서태지와아이들
2054,난알아요
2055,주짓수
2056,주짓수랩
2057,주짓수라이프스타일
2058,jiujitsu
2059,jiujitsulab
2060,jiujitsulifestyle
2061,부산주짓수
2062,부산대주짓수
2063,금정구주짓수
2064,장전동주짓수
2065,월드클래스
2066,주짓수체육관
2067,사내연애
2068,결혼
2069,듀오
2070,동녘이보다
2071,내가더크네
2072,우린
2073,쑥쓰러움
2074,스승의날
2075,사랑합니다
2076,kvra
2077,kvraco
2078,kvralifestyle
2079,jiujitsu
2080,jiujitsulifestyle
2081,jiujitsulab
2082,주짓수랩
2083,주짓수
2084,주짓수라이프스타일
2085,부산주짓수
2086,부산대주짓수
2087,금정구주짓수
2088,주짓수도복
2089,동래팀매드
2090,동래주짓수
2091,동래킥복싱
2092,미남주짓수
2093,미남킥복싱
2094,사직동킥복싱
2095,사직동주짓수
2096,안락동주짓수
2097,안락동킥복싱
2098,연산동주짓수
2099,연산동주짓수
2100,부산대주짓수
2101,부산대킥복싱
2102,장전동주짓수
2103,장전동킥복싱
2104,금정구주짓수
2105,금정구킥복싱
2106,구서동주짓수
2107,구서동킥복싱
2108,명륜동주짓수
2109,명륜동킥복싱
2110,온천장주짓수
2111,온천장킥복싱
2112,수안역주짓수
2113,수안역킥복싱
2114,동래헬스
2115,다이어트복싱
2116,동래다이어트
2117,IBJJF
2118,ruleseminar
2119,referee
2120,주짓수심판교육
2121,주짓수랩
2122,부산대주짓수
2123,부산주짓수
2124,금정구주짓수
2125,노영암
2126,모터사이클다이어리
2127,KVRA
2128,팀매드
2129,여름준비
2130,동래팀매드
2131,동래주짓수
2132,동래킥복싱
2133,미남주짓수
2134,미남킥복싱
2135,사직동킥복싱
2136,사직동주짓수
2137,안락동주짓수
2138,안락동킥복싱
2139,연산동주짓수
2140,연산동주짓수
2141,부산대주짓수
2142,부산대킥복싱
2143,장전동주짓수
2144,장전동킥복싱
2145,금정구주짓수
2146,금정구킥복싱
2147,구서동주짓수
2148,구서동킥복싱
2149,명륜동주짓수
2150,명륜동킥복싱
2151,온천장주짓수
2152,온천장킥복싱
2153,수안역주짓수
2154,수안역킥복싱
2155,동래헬스
2156,다이어트복싱
2157,동래다이어트
2158,팀매드
2159,최고의감독님
2160,최고의선수들
2161,최고의코치진들
2162,우리는
2163,동래팀매드
2164,동래주짓수
2165,동래킥복싱
2166,미남주짓수
2167,미남킥복싱
2168,사직동킥복싱
2169,사직동주짓수
2170,안락동주짓수
2171,안락동킥복싱
2172,연산동주짓수
2173,연산동주짓수
2174,부산대주짓수
2175,부산대킥복싱
2176,장전동주짓수
2177,장전동킥복싱
2178,금정구주짓수
2179,금정구킥복싱
2180,구서동주짓수
2181,구서동킥복싱
2182,명륜동주짓수
2183,명륜동킥복싱
2184,온천장주짓수
2185,온천장킥복싱
2186,동래헬스
2187,다이어트복싱
2188,동래다이어트
2189,주짓수
2190,주짓수랩
2191,주짓수코리아
2192,부산대주짓수
2193,부산주짓수
2194,금정구주짓수
2195,동래구주짓수
2196,노영암
2197,최동화
2198,유동민
2199,몸짱
2200,스파이더
2201,아부다비
2202,ADCC
2203,IBJJF
2204,UAEJJF
2205,jiujitsu
2206,bjj
2207,ufc
2208,mma
2209,motivation
2210,inspiration
2211,주짓수
2212,주짓수랩
2213,노영암
2214,몸짱
2215,삶의낙
2216,fun
2217,passion
2218,부산대주짓수
2219,부산주짓수
2220,금정구주짓수
2221,IBJJF
2222,ADCC
2223,UAEJJF
2224,아부다비
2225,서핑
2226,서퍼
2227,월드클래스
2228,worldclass
2229,연산주짓수
2230,연산킥복싱
2231,온천주짓수
2232,온천킥복싱
2233,부산대주짓수
2234,부산대킥복싱
2235,동래킥복싱
2236,동래주짓수
2237,명륜킥복싱
2238,명륜주짓수
2239,사직킥복싱
2240,사직주짓수
2241,안락주짓수
2242,안락킥복싱
2243,동래팀매드
2244,명륜주짓수
2245,명륜킥복싱
2246,사직주짓수
2247,사직킥복싱
2248,미남킥복싱
2249,미남주짓수
2250,동래주짓수
2251,동래킥복싱
2252,안락킥복싱
2253,안락주짓수
2254,부산대킥복싱
2255,부산대주짓수
2256,온천킥복싱
2257,온천주짓수
2258,연산킥복싱
2259,연산주짓수
2260,동래주짓수
2261,동래킥복싱
2262,동래팀매드
2263,부산대주짓수
2264,부산대킥복싱
2265,미남킥복싱
2266,미남주짓수
2267,사직킥복싱
2268,사직주짓수
2269,명륜킥복싱
2270,명륜주짓수
2271,동래헬스
2272,동래팀매드
2273,동래킥복싱
2274,동래주짓수
2275,부산대킥복싱
2276,부산대주짓수
2277,연산킥복싱
2278,연산주짓수
2279,온천킥복싱
2280,온천주짓수
2281,장전동킥복싱
2282,장전동주짓수
2283,미남킥복싱
2284,미남주짓수
2285,동래헬스
2286,동래팀매드
2287,동래주짓수
2288,동래킥복싱
2289,부산대주짓수
2290,부산대킥복싱
2291,사직주짓수
2292,사직킥복싱
2293,연산주짓수
2294,연산킥복싱
2295,미남주짓수
2296,미남킥복싱
2297,명륜주짓수
2298,명륜킥복싱
2299,온천주짓수
2300,온천킥복싱
2301,장전동주짓수
2302,장전동킥복싱
2303,동래헬스
2304,노영암
2305,주짓수코리아
2306,Repost
2307,첫줄
2308,부산대
2309,부산대주짓수
2310,주짓수랩
2311,물블루
2312,블루벨트
2313,포토존
2314,킹즈코리아
2315,450
2316,compv4
2317,주짓떼로
2318,주짓떼라
2319,그래플링
2320,예전사진방출
2321,얼굴부은거봐라
2322,야식그만
2323,여름준비
2324,탄수화물금지
2325,Repost
2326,첫줄
2327,부산대
2328,부산대주짓수
2329,주짓수랩
2330,물블루
2331,블루벨트
2332,포토존
2333,킹즈코리아
2334,450
2335,compv4
2336,주짓떼로
2337,주짓떼라
2338,그래플링
2339,예전사진방출
2340,얼굴부은거봐라
2341,야식그만
2342,여름준비
2343,탄수화물금지
2344,Repost
2345,첫줄
2346,부산대
2347,부산대주짓수
2348,주짓수랩
2349,물블루
2350,블루벨트
2351,포토존
2352,킹즈코리아
2353,450
2354,compv4
2355,주짓떼로
2356,주짓떼라
2357,그래플링
2358,예전사진방출
2359,얼굴부은거봐라
2360,야식그만
2361,여름준비
2362,탄수화물금지
2363,Repost
2364,첫줄
2365,부산대
2366,부산대주짓수
2367,주짓수랩
2368,물블루
2369,블루벨트
2370,포토존
2371,킹즈코리아
2372,450
2373,compv4
2374,주짓떼로
2375,주짓떼라
2376,그래플링
2377,예전사진방출
2378,얼굴부은거봐라
2379,야식그만
2380,여름준비
2381,탄수화물금지
2382,bigbang
2383,seungri
2384,VI
2385,첫줄
2386,부산대
2387,부산대주짓수
2388,주짓수랩
2389,물블루
2390,블루벨트
2391,포토존
2392,킹즈코리아
2393,450
2394,compv4
2395,주짓떼로
2396,주짓떼라
2397,그래플링
2398,예전사진방출
2399,얼굴부은거봐라
2400,야식그만
2401,여름준비
2402,탄수화물금지
2403,첫줄
2404,부산대
2405,부산대주짓수
2406,주짓수랩
2407,물블루
2408,블루벨트
2409,포토존
2410,킹즈코리아
2411,450
2412,compv4
2413,주짓떼로
2414,주짓떼라
2415,그래플링
2416,예전사진방출
2417,얼굴부은거봐라
2418,야식그만
2419,여름준비
2420,탄수화물금지
2421,Regrann
2422,Seungri
2423,첫줄
2424,부산대
2425,부산대주짓수
2426,주짓수랩
2427,물블루
2428,블루벨트
2429,포토존
2430,킹즈코리아
2431,450
2432,compv4
2433,주짓떼로
2434,주짓떼라
2435,그래플링
2436,예전사진방출
2437,얼굴부은거봐라
2438,야식그만
2439,여름준비
2440,탄수화물금지
2441,repost
2442,첫줄
2443,부산대
2444,부산대주짓수
2445,주짓수랩
2446,물블루
2447,블루벨트
2448,포토존
2449,킹즈코리아
2450,450
2451,compv4
2452,주짓떼로
2453,주짓떼라
2454,그래플링
2455,예전사진방출
2456,얼굴부은거봐라
2457,야식그만
2458,여름준비
2459,탄수화물금지
2460,스시심
2461,심
2462,행복
2463,일식
2464,요리사
2465,취미
2466,주짓수
2467,부산주짓수
2468,주짓수랩
2469,부산대
2470,부산대주짓수
2471,심
2472,스시심
2473,부산대
2474,요리사
2475,일식
2476,행복
2477,sushi
2478,jujitsu
2479,주짓수랩
2480,부산대주짓수
2481,심
2482,스시심
2483,열정
2484,부산대주짓수
2485,주짓수랩
2486,취미
2487,sushi
2488,jujitsu
2489,요리사
2490,일식
2491,행복
2492,부산대
2493,심
2494,스시심
2495,요리사
2496,주짓수
2497,일상
2498,취미
2499,주짓수랩
2500,부산대주짓수
2501,열정
2502,심
2503,스시심
2504,부산스시
2505,일식요리사
2506,요리사
2507,sushi
2508,주짓수
2509,취미
2510,부산대주짓수
